OPERACIÓN MÉCANICA,TOP BOY,AGILITY,AGILITY RS,AGILITY CITY 150,BET & WIN,ACTIV,"SPIKE
",AGILITY RS  NAKED  ,SUPER 8,GACELA,CRUCERO             x-town 300,ROCKET,FLY 125,TWIST,JETIX,UNI-K 110,TRACK,PULSAR 135,Perseo,PULSAR,PULSAR 180 UG,PULSAR 150  ,THOR 160,PULSAR 200  ,PULSAR 150 NS ,PULSAR 150 AS,PULSAR 200 AS ,PULSAR 200 NS ,TITAN,PULSAR  RS 200,PULSAR 220,AVENGER 220,XCD ,DISCOVER 100,DISCOVER 135,"
BOXER",LEXUS,DISCOVER 100 5S,DISCOVER 150,CHAMPION,DISCOVER 125 ST,"
BOXER BM 100",BOXER BM 150,BOXER BM 100 ES ,PLATINO 125,PLATINO 125 - 5S,"
 PLATINO 100",PLATINO 110,FAMILLY,"MOTOCARRO
4T",TORITO,"MOTOCARRO
DIESEL"," KAZE
MAX II",ZX 130- MAGIC II,KMX,KLX 150,KLX150  L,KLX 250,NINJA 250,NINJA 250 FI,Z250,Z250 SL,ER-6n,TRANS-SPORT,MRX 150,FURAX,BOMBER 125,BOMBER 250,COMBAT 125,ZS,LIFE,HUNTER,BLACK,VENOM 400,VENOM 250,ONE,FLOW,ADVANCE II LF,ZONTES 155,ZONTES 310M,SHOCK,TNT150i,180S,TNT25N,LEONCINO 500,LEONCINO 250,TRK 500X,TRK 251,302 S
REGLAJES Y AJUSTES,,,,,,,,,,,,,,,,,,,,,,,,,,,,,,,,,,,,,,,,,,,,,,,,,,,,,,,,,,,,,,,,,,,,,,,,,,,,,,,,,,,,,,,,,
CALIBRACION Y AJUSTE VALVULAS,,1.5,1.5,1.5,1.5,0.7,0.7,1.5,1.5,1.5,1.5,1.5,1.5,1.5,0.7,0.7,0.7,1.5,1.5,1,1,1,1,1.5,2.5,2.8,2.8,2.5,3,3,1.3,1.3,1,1,1,0.6,0.6,1.5,1.5,1,1.5,0.6,1,1,0.5,0.5,0.6,0.5,0.5,0.8,0.6,,0.6,0.7,,1,1,2,2.5,2.5,2.5,2.2,2.5,0.8,1,1.3,1,0.5,1,1.5,1.5,1.8,2.,2.5,2.5,0.7,0.7,0.7,2.5,3.5,0.7,2.5,2,2.5,2.5,2.5,3,2.5,2.5
CAMBIO DE FILTRO Y ACEITE DE MOTOR,0.3,0.3,,0.3,0.3,0.3,0.3,,,,,0.3,,,0.3,0.3,0.3,0.3,0.3,0.3,0.3,0.3,0.3,0.3,0.3,0.3,0.3,0.3,0.6,0.4,0.3,0.3,0.3,0.3,0.3,0.3,0.3,0.3,0.3,0.3,0.3,0.3,0.3,0.3,0.3,0.3,0.3,0.3,0.3,0.3,0.3,,0.3,0.3,0.3,0.3,0.3,0.4,0.4,0.4,0.4,0.4,0.4,0.3,0.3,0.3,0.3,0.4,0.3,,,,,0.5,0.3,0.3,0.3,0.3,0.4,1,0.3,0.4,0.4,0.4,0.4,0.4,0.4,0.4,0.4
DESCARBONADA MOTOR INCLUIDO MOFLE,2.5,,,,,,,,,,,,,,,,,,,,,,,,,,,,,,,,,,,,,,,,,,,,,,,,,,,,,,3,,,,,,,,,,,,,,,,,,,,,,,,,,,,,,,,,,
LIMPIEZA  TANQUE DE GASOLINA,1.5,1.5,1.5,1.5,2.5,1.0,1.0,1.5,1.5,1.5,2.5,1.5,1.5,1.5,1,1.0,1,0.8,0.8,0.8,0.8,0.8,0.8,1.3,1,1.3,1.3,1,1,1.5,0.8,1,0.8,0.8,0.8,0.8,0.8,0.8,0.8,0.8,0.8,0.8,0.8,0.8,0.8,0.8,0.8,0.8,0.8,2,2,,1.5,1.5,0.8,0.8,0.8,1,1,1,1,0.8,1.5,1.5,0.8,0.8,1,0.8,1,1.5,1.5,1.5,2.5,1.5,1,1,1.0,1.0,1,3.5,1.0,1,1,1,1.5,1,1.5,1,1
LIMPIEZA.TENSIÓN Y LUBRICACIÓN CADENA ,,,,,,0.3,0.3,,,,,,,,0.3,0.3,0.3,0.3,0.3,0.3,0.3,0.3,0.3,0.3,0.3,0.3,0.3,0.3,0.3,0.3,0.3,0.3,0.3,0.3,0.3,0.3,0.3,0.3,0.3,0.3,0.3,0.3,0.3,0.3,0.3,0.3,0.3,0.3,0.3,0.3,,,0.3,0.3,0.3,0.3,0.3,0.3,0.3,0.3,0.3,0.3,0.3,0.3,0.3,0.3,0.3,0.4,0.3,,,,,0.3,0.3,0.3,0.3,0.3,0.3,,0.3,0.3,0.3,0.3,0.3,0.3,0.3,0.3,0.3
MANTENIMIENTO Y/O CAMBIO BATERÍA (LIMPIEZA. REV. ELECTROLITO),,,,,,0.3,0.3,,,,,,,,0.3,0.3,0.3,0.3,0.3,0.3,0.3,0.3,0.3,0.5,0.5,0.5,0.5,0.5,0.5,0.5,0.3,0.3,0.3,0.3,0.3,0.3,0.3,0.3,0.3,0.3,0.3,0.3,0.3,0.3,0.3,0.3,0.3,0.3,0.3,0.5,0.5,,0.3,0.3,0.3,0.5,0.5,0.5,,,,,,0.3,0.3,,0.3,0.3,0.3,,,,,,0.5,0.3,0.3,0.3,,,0.3,,,,,,,,
AJUSTE DE NIVEL Y /O PURGA DEL SISTEMA DE REFRIGERACIÓN,,,,,0.5,,,,,,,,,,,,,,,,,,,0.5,,0.5,0.5,0.5,0.5,0.5,,,,,,,,,,,,,,,,,,,,,,,,,0.3,,,0.5,0.5,0.5,0.5,0.5,0.5,,,,,,,,,,,0.5,0.5,,,,0.5,2,,0.5,0.5,0.5,0.5,0.5,0.5,0.5,0.5
PURGA DEL  SISTEMA DE FRENOS CADA UNO,1,1,1,1,1,1,1,1,1,1,1,1,1,1,1,1,1,1,1,1,1,1,1,1,1,1,1,1,1,1,1,1,1,,,,,,1,,1,,,,,,,,,1.5,1.5,,0.8,1,1,1,1,1,1,1,1,1,1,,1,1,1,1,1,1,1,1,1,0.5,1,1.0,1,1,1,1,1,1,1,1,1,1,1,1,1
SINCRONIZADA ( CARB. FILTRO DE AIRE. BUJÍA. CALIBRAR VÁLVULAS),1.5,2,2.0,2,2,1.2,1.2,2.0,2,2,2,2,2.0,2.0,1.2,1.2,1.2,1.5,1.5,1.5,1.5,1.5,1.5,1,2.8,3.1,3.1,2.8,3,3.3,1.5,1.5,1.5,1.5,1.5,1.5,1.5,1.5,1.5,1.5,1.5,1.5,1.5,1.5,1,1,1,1,1,2,2,,2,1.2,1.5,1.5,1.5,2.5,2.5,2.5,2.5,2.2,2.5,1.5,1.5,2,2.5,1,2.5,2,2,2,2,3,2.8,1.2,1.2,1.2,2.5,3.5,1.2,2.5,2.5,2.5,2.5,2.5,2.5,2.5,2.5
REAJUSTE GENERAL CON EL TORQUE ADECUADO (TORNILLERIA EN GENERAL Y AJUSTE DE RADIOS),1,1,0.5,0.5,0.5,0.5,0.5,0.5,0.5,0.5,0.5,0.5,0.5,0.5,0.5,0.5,0.5,0.5,0.5,0.5,0.5,0.5,0.5,0.5,0.5,0.5,0.5,0.5,0.5,0.5,0.5,0.5,0.5,0.5,0.5,0.5,0.5,0.5,0.5,0.5,0.5,0.5,0.5,0.5,0.5,0.5,0.5,0.5,0.5,1.5,1.5,,0.5,0.5,0.5,0.5,0.5,0.5,1,1,1,1,0.5,1,1,1,1,0.5,1,0.5,0.5,0.5,0.5,1.5,0.5,0.5,0.5,0.5,1,0.4,0.5,1,1,1,0.5,1,0.5,1,1
MANTENIMIENTO SISTEMA TRANSMISIÓN AUTOMÁTICA (CVT),1,1,1,1,1,,,1,1,1,1,1,1,1,,,,,,,,,,,,,,,,,,,,,,,,,,,,,,,,,,,,,,,,,,,,,,,,,,,,,,,,1,1,1,1,,,,,,,1.5,,,,,,,,,
LIMPIEZA Y LUBRICACIÓN DEL CLUTCH DE ARRANQUE,1,,,,,0.8,0.8,,,,,,,,0.8,0.8,0.8,0.8,0.8,0.8,0.8,0.8,0.8,0.8,,,,,,,,0.8,,,0.8,,,0.8,0.8,0.8,0.8,,,,,,,,,2,2,,,,,,,,,,,,,,1,1,1,,1,,,,,,,0.8,0.8,0.8,2,2,0.8,,,,,,,,
TENSION Y LUBRICACION DE CABLES (clutch. choke. acelerador y freno),0.7,0.5,0.5,0.5,0.5,0.7,0.7,0.5,0.5,0.5,0.5,0.5,0.5,0.5,0.7,0.7,0.7,0.5,0.5,0.7,0.7,0.7,0.7,0.7,0.7,0.7,0.7,0.7,0.7,0.7,0.7,0.7,0.5,0.5,0.5,0.5,0.5,0.5,0.5,0.5,0.5,0.5,0.5,0.5,0.5,0.5,0.7,0.5,0.5,1,1,,0.7,0.7,0.7,0.7,0.7,0.7,0.7,0.7,0.7,0.7,0.7,0.7,0.7,0.7,0.5,0.4,0.5,0.5,0.5,,,0.5,0.7,0.7,0.7,0.7,0.7,,0.7,0.7,0.7,0.7,0.7,0.7,0.7,0.7,0.7
NO APLICA,0.01,0.01,0.01,0.01,0.01,0.01,0.01,0.01,0,0,0,0.01,0.01,0.01,0.01,0.01,0.01,0.01,0.01,0.01,0.01,0.01,0.01,0.01,0.01,0.01,0.01,,0,,0.01,0.01,0.01,0.01,0.01,0.01,0,0.01,0.01,0,0.01,0.01,0.01,0.01,0.01,0.01,0.01,0.01,0,0.01,0.01,0.01,0.01,0.01,0.01,0.01,0.01,,0.01,0.01,0.01,0.01,0.01,0.01,0.01,0.01,0,0.0,0,0,,0,0,,,0.01,0.01,0.01,0.01,0,0.01,0.01,0.01,0.01,0.01,0.01,0.01,0.01,0.01
CABEZA DE FUERZA Y DISTRIBUCIÓN,,,,,,,,,,,,,,,,,,,,,,,,,,,,,,,,,,,,,,,,,,,,,,,,,,,,,,,,,,,,,,,,,,,,,,,,,,,,,,,,,,,,,,,,,
CAMBIO CULATA,1,2.5,2.5,2.5,3.0,2,2,2.5,2.5,2.5,3.5,2.5,2.5,2.5,2,2,2,2.5,2.5,2,2,2,2,3,2,3.5,3.5,3.2,3.5,3.7,2,2.3,2,2,2,2,2,2.5,2.5,2,2.5,2,2,2,2,2,2,2,2,3,3,,2,2,1,2,2,3.5,3.5,3.5,3.5,3.2,4,2,2,3,2.5,3.7,2.5,2.5,2.5,3.5,3.5,3,3.2,2,2,2,3.5,4,2,3.5,3,3.5,4,3.5,4,3.5,3.5
CAMBIO DE CILINDRO,1.5,2,2,2,2.5,2,2,2,2,2,3,2,2,2,2,2,2,2,2,2,2,2,2,3,2,3.5,3.5,3.2,3.5,3.7,2,2.3,2,2,2,2,2,2,2,2.0,2,2,2,2,2,2,2,2,2,3,3,,2,2,2,2,2,2.7,3.0,3,3.0,2.7,3.5,2,2,3,2.5,3.5,2.5,2,2,3,3,3.5,3.2,2,2,2,3.0,4.5,2,3.0,2.5,3.0,3.5,3.0,3.5,3.0,4
CAMBIO VÁLVULAS (ADMISION Y ESCAPE),,2.0,2.0,2,2.5,1.7,1.7,2.0,2,2,3,2,2.0,2.0,1.7,1.7,1.7,1.9,1.9,1.7,1.7,1.7,1.7,2,1.7,3.1,3.1,2.8,3,3.3,1.7,2,1.7,1.7,1.7,1.7,1.7,1.9,1.9,1.7,1.9,1.7,1.7,1.7,1.7,1.7,2,1.7,1.7,3,3,,2,1.7,,2,2,3,3,3,3,2.7,3.7,2,2,3,2,3.7,2,2,2,3,3,3.8,2.8,1.7,3,1.7,3,3,1.7,3,2.5,3,3.7,3,3.7,3,3
CAMBIO EJE LEVAS O PIÑON CON EJE DE LEVA,,1.5,1.5,1.5,2.0,1.5,1.5,1.5,1.5,1.5,2.5,1.5,1.5,1.5,1.5,1.5,1.5,1.5,1.5,1.5,1.5,1.5,1.5,2,1.5,2.3,2.3,2,2.5,2.5,1.5,1.7,1.5,1.5,1.5,1.5,1.5,1.5,1.5,1.5,1.5,1.5,1.5,1.5,1.5,1.5,1.5,1.5,1.5,2.5,2.5,,1.5,1.5,,1.5,1.5,2,2.0,2,2.0,1.7,3,1.5,1.5,3.5,2,1,2,1.5,1.5,2.5,2.5,3.5,2,1.5,1.5,1.5,2.5,3,1.5,2.0,2.0,2.0,3,2.0,3,2.0,2.0
CAMBIO DE BALANCINES SUPERIORES,,1.5,1.5,1.5,1.5,1.5,1.5,1.5,1.5,1.5,2,1.5,1.5,1.5,1.5,1.5,1.5,1.5,1.5,1.5,1.5,1.5,1.5,2,1.5,2.3,2.3,2,2.5,2.5,1.5,1.7,1.5,1.5,1.5,1.5,1.5,1.5,1.5,1.5,1.5,1.5,1.5,1.5,1.5,1.5,1,1.5,1.5,2,2,,1.5,1.5,,1.5,1.5,,,,,,,1.5,1.5,1.5,2,1,2,1.5,1.5,2,2,3.5,2,1.5,1.5,1.5,2.5,3,1.5,,,,,,,,
CAMBIO CADENILLA DISTRIBUCIÓN,,5,5,5,5,1.5,1.5,5,5,5,5.5,5,5,5,1.5,1.5,1.5,2.5,2.5,2.5,2.5,2.5,2.5,3,2.5,2.8,2.8,2.5,3,3,2.5,2.7,2.5,2.5,2.5,2.5,2.5,2.5,2.5,2.5,2.5,2.5,2.5,2.5,2.5,2.5,1.5,2.5,2.5,3,3,,1.5,1.5,,2.5,2.5,3,7,7,7,6.7,9,1.5,2.5,,2.5,1.5,2.5,5,5,5.5,5.5,7.5,2.5,1.5,1.5,1.5,4,5.5,1.5,7,7,7,9,7,10,7,7
CAMBIO PISTÓN Y ANILLOS ,1.5,2,2,2,2.5,2,2,2,2,2,3,2,2,2,2,2,2,2,2,2,2,2,2,2.5,2,3.5,3.5,3.2,3.7,3.7,2,2.3,2,2,2,2,2,2,2,2.0,2,2,2,2,2,2,2,2,2,3,3,,2,2,2,2,2,3,3,3,3,2.7,3.5,2,2,3,2,3.5,2,2,2,3,3,4.5,3.2,2,2,2,3,3,2,3,2.5,3,3.5,3,3.5,3,3
LIMPIEZA DE KIPS,,,,,,,,,,,,,,,,,,,,,,,,,,,,,,,,,,,,,,,,,,,,,,,,,,,,,,,2.5,,,,,,,,,,,,,,,,,,,,,,,,,,,,,,,,,,
CAMBIO DE O´RING Y/O TAPAS DE VÁLVULAS,,0.3,0.3,0.3,0.3,0.3,0.3,0.3,0.3,0.3,0.4,0.3,0.3,0.3,0.3,0.3,0.3,,,0.3,0.3,0.3,0.3,,,,,,,,0.3,0.3,,,0.3,0.3,,,,0.3,,0.3,,,,,0.3,,,0.3,,,0.3,0.3,,0.3,0.3,0.7,1,,,,1,0.3,,,,0.3,,0.3,0.3,0.4,0.4,2.5,,0.3,0.3,0.3,1,0.4,0.3,,,,,,,,
CAMBIO TAPA PIÑON CADENILLA Y/O EMPAQUE,,,,,,0.5,0.5,,,,,,,,0.5,0.5,0.5,,,,,,,,,,,,,,,,,,,0.2,,,,0.2,,0.2,,,,,0.2,,,1,,,0.5,0.5,,0.3,0.3,,,,,,,0.5,,,0.5,0.1,0.5,,,,,2,,0.5,0.5,0.5,,,0.5,,,,,,,,
CAMBIO TAPA  CULATA O CULATIN Y/O EMPAQUE,,1,1,1,1,,,1,1,1,1.5,1,1,1,,0.3,0.3,0.3,0.3,1.5,1.5,1.5,1.5,0.8,0.8,1.1,1.1,0.8,1,1.3,1.5,1.7,0.3,0.3,1.5,,,0.3,0.3,,0.3,,0.3,0.3,0.3,0.3,,0.3,0.3,,0.3,,,,,,,1,1,1,1,0.7,1,,0.5,1.8,0.5,,0.5,1,1,1.5,1.5,1.5,0.8,0.3,,,1.5,2,,1,1,1,1,1,1,1,1
CAMBIO EMPAQUE TAPA CULATA O CULATIN,,1,1,1,1.3,,,1,1,1,1.5,1,1,1,,0.3,0.3,0.3,0.3,1,1,1,1,0.8,0.8,1.1,1.1,0.8,1,1.3,1,1.3,0.3,0.3,1,,,0.3,0.3,,0.3,,0.3,0.3,0.3,0.3,,0.3,0.3,,0.3,,,,,,,0.5,0.5,1,1,0.7,1.5,,0.5,1.8,0.5,,0.5,1,1,1.5,1.5,1.5,0.8,0.3,,,1,1.5,,1,1,1,1.5,1,1.5,1,1
CAMBIO EMPAQUE CULATA,1,1.5,1.5,1.5,2.5,1,1,1.5,1.5,1.5,3,1.5,1.5,1.5,1,1,1,1,1,1,1,1,1,1.5,1,2.3,2.3,2,2.3,2.5,1,1.5,1,1,1,1,1,1,1,1,1,1,1,1,1,1,1,1,1,2,2,,1.5,1,1,,,2,2.5,2.5,2.5,2.2,3,1,1,1,1,3.0,1,1.5,1.5,3,3,3.5,2,1,1,1,3,3,1,2.5,2,2.5,3,2.5,3,2.5,2.5
CAMBIO EMPAQUE CILINDRO,1.5,2,2,2,2.5,2,2,2,2,2,3,2,2,2,2,2,2,2,2,2,2,2,2,2.5,2,3.1,3.1,2.8,3,3.3,2,2.3,2,2,2,2,2,2,2,2,2,2,2,2,2,2,2,2,2,3,3,,2,2,2,2,2,2.5,3,3,3,2.7,3.5,1.8,2,3,2,3.5,2,2,2,3,3,4,2.8,2,2,2,3.5,3.5,2,3,2.5,3,3.5,3,3.5,3,3
CAMBIO SELLOS DE VÁLVULAS,,2.0,2.0,2,2.5,2,2,2.0,2,2,3,2,2.0,2.0,2,2,2,2.5,2.5,2,2,2,2,2.5,2,2.8,2.8,2.5,3,3,2,2.3,2,2,2,2,2,2.5,2.5,2,2.5,2,2,2,2,2,2,2,2,3,3,,2,1.7,,2,2,3,3,3,3,2.7,4,2,2,3,2,3.7,2,2,2,3,3,3.5,2.5,2,2,2,3,3.5,2,3,5.2,3,4,3,4,3,3
CAMBIO DE GUIAS DE VALVULAS ,,,,,,,,,,,,,,,,,,,,,,,,,,,,,,,,,,,,,,,,,,,,,,,,,,3,3,,2,2,,2,2,3.2,3.5,3.5,3.5,3.2,4,2,2,3,,4,,,,,,3.5,,,,,3.5,3,,3.5,3,3.5,4,3.5,4,3.5,3.5
CAMBIO DE CILINDRO CON OPERACIÓN EN LA CULATA (CAMBIO SELLOS.RESORTES. ETC),1.5,2.5,2.5,2.5,3,2.5,2.5,2.5,2.5,2.5,3.5,2.5,2.5,2.5,2.5,2.5,2.5,2.5,2.5,2.5,2.5,2.5,2.5,3,2.5,4.3,4.3,4,4.3,4.5,2.5,2.8,2.5,2.5,2.5,2.5,2.5,2.5,2.5,2.5,2.5,2.5,2.5,2.5,2.5,2.5,2.5,2.5,2.5,3.5,3.5,4,2.5,2.5,2.5,2.5,2.5,3.2,3.5,3.5,3.5,3.2,5,2.5,2.5,3,3,4,3,2.5,2.5,3.5,3.5,5,4,2.5,2.5,2.5,3.5,3.5,2.5,3.5,3,3.5,5,3.5,5,3.5,3.5
CAMBIO DE VARILLAS IMPULSADORAS,,,,,,,,,,,,,,,,,,,,,,,,,,,,,,,,,,,,,,,,,,,,,,,,,,,,,,,,,,,,,,,,,,2,2.5,,2.5,,,,,,,,,,,,,,,,,,,,
CAMBIO DE  LEVAS IMPULSORAS INFERIORES,,,,,,,,,,,,,,,,,,,,,,,,,,,,,,,,,,,,,,,,,,,,,,,,,,,,,,,,,,,,,,,,,,3,,,,,,,,,,,,,,,,,,,,,,,
CAMBIO DE PIÑÓN DE DISTRIBUCIÓN SUPERIOR,,,,,,0.8,0.8,,,,,,,,0.8,0.8,0.8,0.7,0.7,1.5,1.5,1.5,1.5,2,2,2.3,2.3,2,2.2,2.5,1.5,1.7,0.7,0.7,1.5,0.5,0.5,7,0.7,0.7,0.7,0.5,0.7,0.7,0.7,0.7,0.5,0.7,0.7,1.5,1,,1.5,0.8,,0.5,0.5,1.2,1.5,1.5,1.5,1.2,3,1.5,1,,,0.6,,,,,,2,2,0.8,0.8,0.8,1.5,1.5,0.8,1.5,1.5,1.5,3,1.5,3,1.5,1.5
CAMBIO DE GUÍAS DE CADENILLA,,3,3,3,4,2,2,3,3,3,4.5,3,3,3,2,2,2,2,2,2,2,2,2,2.5,3.5,3.8,3.8,3.5,3.8,4,2,2.3,2,2,2,2,2,2,2,2,2,2,2,2,2,2,2,2,2,3,3,,2,2,,2,2,3.2,3.5,3.5,3.5,3.2,4,2.5,2,,,3.7,,3,3,4,4,3.5,3.5,2,2,2,3.5,4,2,3.5,3.5,3.5,4,3.5,4,3.5,3.5
CAMBIO Y/O REVISION DE TENSOR DE CADENILLA,,1.5,1.5,1.5,1,0.5,0.5,1.5,1.5,1.5,1.5,1.5,1.5,1.5,0.5,0.5,0.5,0.3,0.3,0.3,0.3,0.3,0.3,0.5,0.5,1.3,1.3,1.1,0.8,1.6,0.3,0.3,0.3,0.3,0.3,0.3,0.3,0.3,0.3,0.3,0.3,0.3,0.3,0.3,0.3,0.3,0.3,0.3,0.3,0.3,0.3,,0.8,1,,0.3,0.3,1,1,1,1,1,0.5,0.5,0.3,,,0.4,,1.5,1.5,1.5,1.5,1,1.1,0.5,0.5,0.5,1,1.5,0.5,1,1,1,0.4,1,0.4,1,1
CAMBIO DE PIÑÓN DESLIZADOR DE CADENILLA,,,,,,1,1,,,,,,,,1,1,1,,,,,,,,,,,,,,,,,,,,,,,,,,,,,,,,,,,,,1,,,,,,,,,,1,,,,,,,,,,,,1,1,1,,,1,,,,,,,,
CAMBIO PIÑÓN TENSOR CADENILLA,,,,,,1,1,,,,,,,,1,1,1,,,,,,,,,,,,,,,,,,,,,,,,,,,,,,,,,,,,,,,,,,,,,,,1,,,,,,,,,,,,1,1,1,,,1,,,,,,,,
CAMBIO LEVA PIÑÓN TENSOR CADENILLA,,,,,,1,1,,,,,,,,1,1,1,,,,,,,,,,,,,,,,,,,,,,,,,,,,,,,,,,,,,,,,,,,,,,,1,,,,,,,,,,,,1,1,1,,,1,,,,,,,,
CAMBIO BUJIA (C/U),0.1,0.4,0.4,0.4,0.5,0.1,0.1,0.4,0.4,0.4,0.5,0.4,0.4,0.4,0.1,0.1,0.1,0.1,0.1,0.1,0.1,0.1,0.1,0.1,0.1,0.1,0.1,0.3,0.3,0.3,0.1,0.1,0.2,0.1,0.1,0.1,0.1,0.1,0.1,0.1,0.1,0.1,0.1,0.1,0.2,0.1,0.1,0.1,0.1,0.1,0.1,,0.1,0.1,0.1,0.1,0.1,0.5,1,1,1,0.1,1.3,0.1,0.1,0.1,0.1,0.1,0.1,0.4,0.4,0.4,0.5,0.5,0.3,0.1,0.1,0.1,0.5,0.5,0.1,0.2,0.2,1.2,1.3,1.2,1.3,1.2,1.2
CAMBIO Y/O REPARACION DEL CONDUCTO BUJIA RH,,,,,,,,,,,,,,,,,,0.3,0.3,0.3,0.3,0.3,0.3,0.3,0.3,0.3,0.3,0.3,0.5,0.5,0.3,0.3,,,0.3,,,0.3,0.3,0.3,0.3,,,,,,,,,,0.3,,,,,,,,,,,,,,,,,,,,,,,,0.3,,,,,,,,,,,,,,
CAMBIO  O´RING DEL CONDUCTO GUIA DE LA BUJIA RH,,,,,,,,,,,,,,,,,,0.3,0.3,0.3,0.3,0.3,0.3,0.3,0.3,0.3,0.3,0.3,0.5,0.8,0.3,0.3,,,0.3,,,0.3,0.3,0.3,0.3,,,,,,,,,,0.5,,,,,,,,,,,,,,,,,,,,,,,,0.3,,,,,,,,,,,,,,
CAMBIO Y/O REPARACION DEL BUJE SOPORTE CULATIN CHASIS,,,,,,,,,,,,,,,,,,1,1,1,1,1,1,,,,,,,,1,1,,,1,,,,,,,,,,,,,,,,,,,,,,,,,,,,,,,,,,,,,,,,,,,,,,,,,,,,,,
CAMBIO  DE LOS RESORTES VALVULAS,,2,2,2,2.5,2,2,2,2,2,3,2,2,2,2,2,2,2,2,2,2,2,2,2.5,2.5,2.8,2.8,2.5,2.8,3,2,2,2,2,2,2,2,2,2,2,2,2,2,2,2,2,2,2,2,3,3,,2,1.7,,2,2,2.7,3,3,3,2.7,4,2,2,3,2,3.7,2,2,2,3,3,3.5,2.5,2,2,2,3,3.5,2,3,2.5,3,4,3,4,3,3
CAMBIO Y/O REPARCION DEL DESCOMPRESIONADOR,,,,,,1,,,,,,,,,1,,,,,1.5,,,,,,,,,,,,,,,,,,,,,,,,,,,,,,1.5,,,,1.5,,,,,,,,,,,,,,0.8,,,,,,,,,1,1,,,1,,,,,,,,
SISTEMA DE ENTRADA DEL AIRE,,,,,,,,,,,,,,,,,,,,,,,,,,,,,,,,,,,,,,,,,,,,,,,,,,,,,,,,,,,,,,,,,,,,,,,,,,,,,,,,,,,,,,,,,
LIMPIAR Y LUBRICACION DEL FILTRO DE AIRE,0.3,0.3,0.3,0.3,0.3,0.5,0.5,0.3,0.3,0.3,0.3,0.3,0.3,0.3,0.5,0.5,0.5,0.3,0.3,0.3,0.3,0.3,0.3,,,,,,,,333,,,,,,,,,,,,,,,,,,,,,,,,,,,7,,,,,,,,,0.3,0.3,0.3,0.3,0.3,0.3,0.3,0.5,,,,,0.3,0.3,,,,,,,,,
CAMBIO CAJA FILTRO,0.4,0.4,0.4,0.4,0.4,1,1,0.4,0.4,0.4,0.5,0.4,0.4,0.4,1,1,1,1.5,1.5,1.5,1.5,1.5,1.5,1.5,1.5,1.8,1.8,1.5,1.8,2,0.3,0.3,0.3,0.3,0.3,1,1,0.3,0.3,0.3,0.3,1,1,1,1,1,1,1,1,0.4,0.4,,0.7,1,0.3,0.3,0.3,0.5,0.3,0.3,0.3,0.3,1,0.5,0.3,0.3,1,0.8,1,0.4,0.4,0.5,0.4,0.7,1.5,0.5,0.1,0.1,1.5,0.5,0.1,1,1.2,1.5,1.2,1.5,1.2,1.5,1.6
CAMBIO DE FILTRO DE AIRE,0.3,0.3,0.3,0.3,0.3,0.5,0.5,0.3,0.3,0.3,0.3,0.3,0.3,0.3,0.5,0.5,0.5,0.3,0.3,0.3,0.3,0.3,0.3,0.7,0.5,0.8,0.8,0.5,0.8,1,1.5,1.5,1,1,1.5,0.3,0.3,1.5,1.5,1.5,1.5,0.3,0.3,0.3,0.3,0.3,0.3,0.3,0.3,0.5,0.5,,0.7,1,2,2,2,0.3,1,1,1,1,1.3,1,1,2,0.3,0.3,0.3,0.3,0.3,0.3,0.3,0.25,0.5,1,0.3,0.3,0.5,0.3,0.3,0.3,0.3,0.2,1,0.2,1,0.2,1.4
CAMBIO CONDUCTO FILTRO DEL AIRE CARBURADOR,0.4,0.4,0.4,0.4,0.4,0.5,0.5,0.4,0.4,0.4,0.5,0.4,0.4,0.4,0.5,0.5,0.5,0.5,0.5,0.5,0.5,0.5,0.5,1,1,1.3,1.3,1,,,0.3,0.3,0.3,0.3,0.3,0.3,0.3,0.3,0.3,0.3,0.3,0.3,0.3,0.3,0.3,0.3,0.3,0.3,0.3,0.4,0.4,,0.5,1,0.3,0.3,0.3,0.3,0.3,0.3,0.3,0.3,1,0.4,0.3,0.3,0.3,0.4,0.3,0.4,0.4,0.5,0.5,1.0,1,0.5,0.5,0.5,0.3,0.5,0.5,0.3,0.3,0.3,1,0.3,1,0.3,0.3
CAMBIO ABRASADERAS DEL CONDUCTO DEL AIRE,0.4,0.2,0.2,0.2,0.2,0.5,0.5,0.2,0.2,0.2,0.2,0.2,0.2,0.2,0.5,0.5,0.5,0.2,0.2,0.2,0.2,0.2,0.2,0.4,0.7,1,1,0.7,1,1.2,0.5,0.5,0.5,0.5,0.5,0.5,0.5,0.5,0.5,0.5,0.5,0.5,0.5,0.5,0.5,0.5,0.5,0.5,0.5,0.4,0.4,,0.7,1,0.5,0.5,0.5,0.5,,,,,,0.5,0.5,0.5,0.3,0.1,0.3,0.2,0.2,0.2,0.2,1.0,0.7,0.5,0.5,0.5,,0.2,0.5,,,,,,,,
CAMBIO Y/O REVISION DEL SENSOR DE AIRE,,,,,,,,,,,,,,,,,,,,,1,,,,,,,,,,0.2,0.2,0.2,0.2,0.2,,,0.2,0.2,0.2,0.2,0.2,0.2,0.2,0.2,0.2,0.2,0.2,0.2,0.2,0.2,,0.7,0.5,0.2,0.2,0.2,0.5,0.5,0.5,0.5,0.5,1,0.5,0.3,0.3,,,,,,,,,,0.5,0.5,0.5,,,0.5,0.5,0.5,0.5,1,0.5,1,0.5,0.5
CAMBIO Y/O REVISION DEL SENSOR DE LA VALVULA SOLENOIDE,,,,,,,,,,,,,,,,,,1,1,,,,,,,,,,,,1,,,,,,,,,,,,,,,,,,,,,,,,,,,,,,,1,1.5,,,,,,,,,,,,,,,,,,,,,,1.5,,1.5,,
CAMBIO VALVULA SAI,,,,,,,,,0.3,0.3,,,,,,,,,1,,,,1,,,,,,,,,,,,,,,,,1,,,,,,,,,,,,,,,,,,PTE,,,,,,,,,0.3,,0.3,0.3,0.3,,,,,1,1,1,,,1,,,,,,,,
SISTEMA DE ESCAPE,,,,,,,,,,,,,,,,,,,,,,,,,,,,,,,,,,,,,,,,,,,,,,,,,,,,,,,,,,,,,,,,,,,,,,,,,,,,,,,,,,,,,,,,,
LIMPIAR EXHOSTO O MOFLE ( DESCARBONADA ),0.5,,,,,,,,,,,,,,,,,,,,,,,,,,,,,,,,,,,,,,,,,,,,,,,,,,,,,,0.5,,,,,,,,,,,,,,,,,,,,,,,,,,,,,,,,,,
CAMBIO EMPAQUE(S) MOFLE,0.4,0.4,0.4,0.4,0.4,0.4,0.4,0.4,0.4,0.4,0.4,0.4,0.4,0.4,0.4,0.4,0.4,0.4,0.4,0.4,0.4,0.4,0.4,0.4,0.4,0.4,0.4,0.4,0.5,1,0.4,0.4,0.4,0.4,0.4,0.4,0.4,0.4,0.4,0.4,0.4,0.4,0.4,0.4,0.4,0.4,0.4,0.4,0.4,1.5,1.5,,0.4,0.4,0.5,0.4,0.4,0.5,1,1,1,0.8,1,0.4,0.4,0.8,0.4,0.7,0.4,0.4,4,0.4,0.4,0.7,0.4,0.4,0.4,0.4,1,0.4,0.4,1,1,1,1,1,1,1,1
CAMBIO SILENCIADOR,,,,,,,,,,,,,,,,,,0.4,0.4,,0.4,0.4,0.4,,,,,,,,,,,,,,,,,,,,,,,,,,,,,,,,0.4,0.4,0.4,0.5,0.4,1,1,1,1,,0.4,0.4,,,,,,,,0.5,,,,,1,,,1,1,1,1,1,1,1,1
CAMBIO DEL EXHOSTO O MOFLE COMPLETO,0.4,0.4,0.4,0.4,0.4,0.4,0.4,0.4,0.4,0.4,0.4,0.4,0.4,0.4,0.4,0.4,0.4,0.4,0.4,0.4,0.4,0.4,0.4,1,1,1,1,1,1,1.6,0.4,0.4,0.4,0.4,0.4,0.4,0.4,0.4,0.4,0.4,0.4,0.4,0.4,0.4,0.4,0.4,0.4,0.4,0.4,1.5,1.5,,0.4,0.4,0.5,0.5,0.5,0.5,1,1,1,1,1,0.5,0.5,0.5,0.4,0.7,0.4,0.4,0.4,0.4,0.4,0.7,1,0.4,0.4,0.4,1,0.4,0.4,1,1,1,1,1,1,1,1
CAMBIO Y/O REVISION DEL SENSOR OXIGENO O LAMDA,,,,,,,,,,,,,,,,,,0.7,0.7,,,,,,,,,,0.4,,,,,,,,,,,,,,,,,,,,,,,,,,,,,0.4,,1,1,1,1,,,,,,,,,,,0.5,,,,,1,2,,0.5,0.7,0.5,0.6,0.5,0.6,0.5,0.5
CONJUNTO CIGÜEÑAL,,,,,,,,,,,,,,,,,,,,,,,,,,,,,,,,,,,,,,,,,,,,,,,,,,,,,,,,,,,,,,,,,,,,,,,,,,,,,,,,,,,,,,,,,
CAMBIO BALINERAS CIGÜEÑAL,5,5,5,5,6,5.5,5.5,5,5,5,5.5,5,5,5,5.5,5.5,5.5,6,6,7.5,7.5,7.5,7.5,8,7,8.3,8.3,8,9,9,7.5,7.5,5.5,5.5,6,5,5,6,6,6,6,5,5.5,5.5,5.5,5.5,5,5.5,5.5,9,9,,5.5,5.5,6,6,6,7,,,,,,5.5,6,7.5,5,7.5,5,5,5,5,5,,8,5.5,5.5,5.5,7,5,5.5,,,,,,,,
CAMBIO CIGÜEÑAL,5,5,5,5,6,5.5,5.5,5,5,5,5.5,5,5,5,5.5,5.5,5.5,6,6,7.5,7.5,7.5,7.5,8,7,8.3,8.3,8,9,9,7.5,7.5,5.5,5.5,6,5,5,6,6,6,6,5,5.5,5.5,5.5,5.5,5,5.5,5.5,9,9,,5.5,5.5,6,6,6,7,10,10,10,9.7,12,5.5,6,7.5,5,7.5,5,5,5,5,5,11.5,8,5.5,5.5,5.5,9,5,5.5,9,9,10,11,10,12,10,10
CAMBIO RETEN LADO VOLANTE,4,3,3,3,,2,2,3,3,3,,3,3,3,2,2,2,,,2,2,2,2,,,,,,,,2,2,,,6,1.5,NA,,,,,1.5,,,,,1.5,,,9,9,,,,6,,,,,,,,,,,1.5,1.5,,1.5,3,3,3,3,,,2,2,2,7,3,2,,,,,,,,
CAMBIO RETEN LADO CLUTCH ,4,5,5,5,6,,,5,5,5,7,5,5,5,,,,,,,,,,,,,,,,,,,,,,,,,,,,,,,,,,,,,,,,,3,,,,,,,,,,,,,,,5,5,2,2,,,,,,,2,,,,,,,,,
CAMBIO CARCASA CENTRO DE MOTOR DERECHA,5,5,5,5,6,5.5,5.5,5,5,5,8,5,5,5,5.5,5.5,5.5,6.5,6.5,8,8,8,8,8.5,7.5,8.8,8.8,8.5,9.5,9.5,8,8,6,6,6.5,5.5,5.5,6.5,6.5,6.5,6.5,5.5,6,6,6,6,5.5,6,6,,,,,5.5,6,6,6,7,,,,,,,6,,5.5,7.5,5.5,5,5,5,5,,8.5,5.5,5.5,5.5,7,5,5.5,,,,,,,,
CAMBIO CARCASA CENTRO DE MOTOR IZQUIERDA,6,6,6,6,7,5.5,5.5,6,6,6,8,6,6,6,5.5,5.5,5.5,6.5,6.5,8,8,8,8,8.5,7.5,8.8,8.8,8.5,9.5,9.5,8,8,6,6,6.5,5.5,5.5,6.5,6.5,6.5,6.5,5.5,6,6,6,6,5.5,6,6,10,10,,6,5.5,6,6,6,7,10,10,10,9.7,12,6,6,8,5.5,7.5,5.5,6,6,5,5,,8.5,5.5,5.5,5.5,7,5,5.5,9,9,10,11,10,12,10,10
CAMBIO DE CASQUETES DE CIGÜEÑAL O BANCADA,,,,,,,,,,,,,,,,,,,,,,,,,,,,,,,,,,,,,,,,,,,,,,,,,,,,,,,,,,,10,10,10,9.7,12,,,,,,,,,,,11.5,,,,,,,,9,9,10,11,10,12,10,10
CAMBIO DE BIELAS,,,,,,,,,,,,,,,,,,,,,,,,,,,,,,,,,,,,,,,,,,,,,,,,,,9,9,,5.5,5.5,6,6,6,7,10,10,10,9.7,12,5.5,6,7.5,,,,,,,,11.5,,,,,7,,,9,9,10,11,10,12,10,10
CAMBIO DE CASQUETES DE BIELA,,,,,,,,,,,,,,,,,,,,,,,,,,,,,,,,,,,,,,,,,,,,,,,,,,,,,,,,,,,10,10,10,9.7,12,,,,,,,,,,,11.5,,,,,,,,9,9,10,11,10,12,10,10
CAMBIO Y/O REVISION DEL SENSOR  DEL CIGÜEÑAL,,,,,,,,,,,,,,,,,,,,,,,,,,,,,,,,,,,,,,,,,,,,,,,,,,,,,,,,,,,1,,1,1,2,,,,,1,,,,,,1,,,,,1,,,1,1,1,2,1,2,1,1
CAMBIO EMPAQUE  CENTRO MOTOR,5,4.5,4.5,4.5,5.5,5,5,4.5,4.5,4.5,6,4.5,4.5,4.5,5,5,5,5.5,5.5,7,7,7,7,7.5,6.5,7.8,7.8,7.5,8.5,8.5,7,7,,5,5.5,4,4,5.5,,5.5,5.5,4,5,5,5,5,5,,,8.5,8.5,,,,,,,,,,,,,5.5,,7.5,4.5,7.5,4.5,4.5,4.5,4.5,4.5,,7.5,5,5,5,4,4.5,5,,,,,,,,
SISTEMA DE CLUTCH,,,,,,,,,,,,,,,,,,,,,,,,,,,,,,,,,,,,,,,,,,,,,,,,,,,,,,,,,,,,,,,,,,,,,,,,,,,,,,,,,,,,,,,,,
CAMBIO Y/O REPARACIÓN DISCOS DE CLUTCH,,,,,,2,2,,,,,,,,2,2,2,1.5,1.5,1.5,1.5,1.5,1.5,1.5,1.5,1.5,1.5,1.5,1.6,1.6,1.5,1.5,1.5,1.5,1.5,1.5,1.5,1.5,1.5,1.5,1.5,1.5,1.5,1.5,1.5,1.5,1.5,1.5,1.5,2,2,,2,2,2,1.5,1.5,2,2,2,2,2,2,2,1.5,1.5,1.5,1.5,1.5,,,,,1.5,1.5,2,2,2,2,,2,2,2,2,2,2,2,2,2
CAMBIO EMPAQUE TAPA CLUTCH,0.5,0.5,0.5,0.5,0.5,0.7,0.7,0.5,0.5,0.5,,0.5,0.5,0.5,0.7,0.7,7,0.7,0.7,0.7,0.7,0.7,0.7,0.7,0.7,0.7,0.7,0.7,0.8,0.8,0.7,0.7,0.7,0.7,0.7,0.7,0.7,0.7,0.7,0.7,0.7,0.7,0.7,0.7,0.7,0.7,0.7,0.7,0.7,2,2,,0.7,0.7,1,1,1,1,1.5,1.5,1.5,1.5,1.5,0.7,1,0.7,0.6,0.6,0.6,0.5,0.5,0.5,,0.5,0.7,0.7,0.7,0.7,1.5,,0.7,1.5,1.5,1.5,1.5,1.5,1.5,1.5,1.5
CAMBIO MICROSUICHE CLUTCH,,,,,,,,,,,,,,,,,,0.5,0.5,0.5,0.5,0.5,0.5,0.5,0.6,0.6,0.6,0.6,0.7,0.7,0.5,0.5,,,,,,0.5,0.5,0.5,0.5,,,,,,,,,,,,,,,0.2,0.2,0.3,0.8,0.8,0.8,0.8,0.8,,0.2,,,0.3,,,,,,,0.6,,,,0.8,,,0.8,0.8,0.8,0.8,0.8,0.8,0.8,0.8
CAMBIO RODAMIENTO EMPUJADOR DEL CLUTCH ,,,,,,1,1,,,,,,,,1,1,1,1,1,1,1,1,1,1,1,1,1,1,1.1,1.1,1,1,1,1,1,1,1,1,1,1,1,1,1,1,1,1,1,1,1,1.5,1.5,,1,1,1.5,1,1,1.5,1.5,1.5,1.5,1.5,1.5,1,1,1,1,1.5,1,,,,,0.7,1,1,1,1,1.5,,1,1.5,1.5,1.5,1.5,1.5,1.5,1.5,1.5
CAMBIO PIÑÓN LOCO,,,,,,5,5,,,,,,,,5,5,5,1.7,1.7,1.7,,,,,,,,,,,,,1.7,1.7,1.7,1.7,1,1.7,1.7,1.7,1.7,1.7,1.7,1.7,1.7,1.7,1.7,1.7,1.7,2,2,,2,5.5,2,1.5,1.5,1.8,,,,,,5.5,1.5,7.5,1.7,,1.7,,,,,,,5,5,5,,,5,,,,,,,,
CAMBIO MANZANA CLUTCH,,,,,,2.5,2.5,,,,,,,,2.5,2.5,2.5,2,2,2.5,2.5,2.5,2.5,2.5,2,2,2,2,2.1,2.1,2.5,2.5,2,2,2,2,2,2,2,2,2,2,2,2,2,2,2,2,2,2,2,,2.5,2.5,2.5,1.5,1.5,1.8,2.5,2.5,2.5,2.5,2.5,2.2,1.5,2,2,2,2,,,,,2,2,2.5,2.5,2.5,2.5,,2.5,2.5,2.5,2.5,2.5,2.5,2.5,2.5,2.5
CAMBIO PIÑÓN TRIPLE DE BALANCEO,,,,,,,,,,,,,,,,,,,,2.5,2.5,2.5,2.5,,,,,,,,2.5,2.5,,,,,,,,,,,,,,,,,,,,,,,2.5,,,,,,,,,,,1.5,,,,,,,,,,,,,,,,,,,,,,,
CAMBIO PIÑÓN PRIMARIO,,,,,,1.5,1.5,,,,,,,,1.5,1.5,1.5,2,2,2.5,2.5,2.5,2.5,2.5,2.2,2.2,2.2,2.2,2.3,2..3,2.5,2.5,2,2,2,2,2,2,2,2,2,2,2,2,2,2,2,2,2,2,2,,2.5,5.5,2.5,1.6,1.6,1.9,1.9,1.9,1.9,1.9,10,2.2,1.6,2.2,2,2,2,,,,,2,2.2,1.5,1.5,1.5,1.9,,1.5,1.9,1.9,1.9,2,1.9,2,1.9,1.9
CAMBIO DE CLUTCH CENTRIFUGO,1,1,1,1,1,1.5,1.5,1,1,1,,1,1,1,1.5,1.5,1.5,,,,,,,,,,,,,,,,,,,,,,,,,,,,,,,,,,,,,1.5,,,,,,,,,,2.2,,,,,,1,1,1,1,,,1.5,1.5,1.5,,1,1.5,,,,,,,,
CAMBIO FILTRO CENTRIFUGO,,,,,,,,,,,,,,,,,,,,1.5,1.5,1.5,,,,,,,,,1.5,1.5,,,1.5,1.5,,,,,,1.5,,,,,1.5,,,2,,,,,,,,,,,,,,,1,1.8,1.5,,1.5,,,,,,,,,,,,,,,,,,,,
CAMBIO DE VARIADOR DE VELOCIDAD,1,1,1,1,1,,,1,1,1,1,1,1,1,,,,,,,,,,,,,,,,,,,,,,,,,,,,,,,,,,,,,,,,,,,,,,,,,,,,,,,,1,1,1,1,,,,,,,1.5,,,,,,,,,
CAMBIO DE  LOS ROLLERS,1,1,1,1,1,,,1,1,1,1,1,1,1,,,,,,,,,,,,,,,,,,,,,,,,,,,,,,,,,,,,,,,,,,,,,,,,,,,,,,,,1,1,1,1,,,,,,,1.5,,,,,,,,,
CAMBIO CLUTCH PRIMARIO,,,,,,,,,,,,,,,,,,,,,,,,,,,,,,,,,,,,,,,,,,,,,,,,,,,,,,,,,,,,,,,,,,,,,,,,,,,,,,,,,,,,,,,,,
CAMBIO DE TAPA CLUTCH,0.8,0.8,0.8,0.8,0.8,1,1,0.8,0.8,0.8,,0.8,0.8,0.8,1,1,1,1,1,1,1,1,1,1,1.3,1.3,1.3,1.3,1.4,1.4,1,1,1,1,1,1,1,1,1,1,1,1,1,1,1,1,1,1,1,1.5,1.5,,0.8,1,1.3,1,1,1.8,2,2,1.5,1.5,1,0.8,1,0.8,0.8,0.6,0.8,0.8,8,0.8,0.8,1,1.3,1,1,1,1.5,0.8,1,1.5,1.5,2,1,2,1,2,2
CAMBIO DE BALANCEADOR,,,,,,,,,,,,,,,,,,,,2.5,2.5,2.5,2.5,8.5,7,8.3,8.3,8,9,9,2.5,2.5,,,,,,,,,,,,,,,,,,,,,,,6,,,7,10,10,10,10,12,,6,7,,7.5,,,,,,,8,,,,7,,,9,9,10,11,10,12,10,10
CAMBIO VISOR ACEITE,,,,,,,,,,,,,,,,,,0.7,0.7,0.7,0.7,0.7,0.7,0.7,0.7,0.7,0.7,0.7,0.8,0.8,0.7,0.7,0.7,0.7,0.7,0.7,0.7,0.7,0.7,0.7,0.7,0.7,0.7,0.7,0.7,0.7,0.7,0.7,0.7,,,,1,,1,,,1.5,1.5,1.5,1.5,1.5,1.5,,,1.2,0.7,1,0.7,,,,,0.7,0.7,,,,1.5,,,1.5,1.5,1.5,1.5,1.5,1.5,1.5,1.5
CAMBIO LEVA CLUTCH DEL MOTOR,,,,,,0.7,0.7,,,,,,,,0.7,0.7,0.7,0.7,0.7,0.7,0.7,0.7,0.7,0.7,0.7,0.7,0.7,0.7,0.8,0.8,0.7,0.7,0.7,0.7,0.7,0.7,0.7,0.7,0.7,0.7,0.7,0.7,0.7,0.7,0.7,0.7,0.7,0.7,0.7,0.7,0.7,,,0.7,1,1,1,1,1.5,1.5,1.5,,1.5,,1,1.2,0.7,1,0.7,,,,,0.5,0.7,0.7,0.7,0.7,1.5,,0.7,1.5,1.5,1.5,1.5,1.5,1.5,1.5,1.5
CAMBIO RETENEDOR LEVA CLUTCH,,,,,,,,,,,,,,,,,,0.7,0.7,0.7,0.7,0.7,0.7,0.7,0.7,0.7,0.7,0.7,0.8,0.8,0.7,0.7,0.7,0.7,0.7,0.7,0.7,0.7,0.7,0.7,0.7,0.7,0.7,0.7,0.7,0.7,0.7,0.7,0.7,0.7,0.7,,,,1,1,1,1.2,1.5,1.5,1.5,1.5,1.5,,1,1.2,0.7,1,0.7,,,,,1,0.7,,,,1.5,,,1.5,1.5,1.5,1.5,1.5,1.5,1.5,1.5
CAMBIO LEVA EXTERNA ACCIONADORA DEL CLUTCH (MOTOR),,,,,,1,1,,,,,,,,1,1,1,0.3,0.3,0.3,0.3,0.3,0.3,0.3,0.7,0.7,0.7,0.7,0.8,0.8,0.3,0.3,,,,,,0.3,0.3,0.3,0.3,,,,,,,,,0.7,0.7,,1,1,1,,,1,,,,,,1,1,,,1,,,,,,1.5,0.7,1,1,1,,,1,,,,,,,,
CAMBIO Y/O REPARACION DEL SEMI CARTER DEL CLUTCH,,,,,,,,,,,,,,,,,,,,,,,,,,,,,,,,,,,,,,,,,,,,,,,,,,,,,,,,,,,1.5,1.5,1.5,1.5,1.5,,,,,,,,,,,,,,,,1.5,,,1.5,1.5,1.5,1.5,1.5,1.5,1.5,1.5
CAMBIO Y/O REPARACION DEL BUJE CENTRAL DEL CLUTCH,,,,,,2.5,2.5,,,,,,,,2.5,2.5,2.5,2,2,2,,,,1.5,2,2,2,2,2.1,2.1,,,2,2,2,2,2,2,2,2,2,2,2,2,2,2,2,2,2,2,2,,1.8,2.5,,1.5,1.5,1.5,2.5,2.5,2,2,2.5,1.8,1.5,,2,1.5,2,,,,,2,2,2.5,2.5,2.5,2,,2.5,2,2,2.5,2.5,2.5,2.5,2.5,2.5
CAMBIO Y/O REPARACION DE LAS ARANDELAS SEPARADORAS DE CLUTCH,,,,,,,,,,,,,,,,,,,,,,,,,,,,,,,,,,,,,,,,,,,,,,,,,,,,,,,,,,,,,,,,,,,,1.5,,,,,,2,,,,,,,,,,,,,,,
CAMBIO Y/O REPARACION DE LAS ZAPATAS DEL CLUTCH CENTRIFUGO,,1,1,1,1,1.5,1.5,1,1,1,1,1,1,1,1.5,1.5,1.5,,,,,,,,,,,,,,,,,,,,,,,,,,,,,,,,,,,,1.3,1.5,,,,,,,,,,1.3,,,,,,1,1,1,1,,,1.5,,,,1,,,,,,,,,
CAMBIO  DE  LA TAPA DEL FILTRO CENTRIFUGO,,,,,,,,,,,,,,,0.7,0.7,0.7,,,,,,,,,,,,,,,,,,,,,,,,,,,,,,,,,,,,1.5,,,,,,,,,,,1.5,,,0.7,,0.7,,,,,,,,,,,,,,,,,,,,
CAMBIO DEL EMPAQUE DE LA TAPA DEL CLUTCH CENTRIFUGO,,0.5,0.5,0.5,0.5,,,0.5,0.5,0.5,,0.5,0.5,0.5,,,,,,,,,,,,,,,,,,,,,,,,,,,,,,,,,,,,,,,1.5,,,,,,,,,,,1.5,,,0.7,,0.7,0.5,0.5,0.5,0.5,,,,,,,0.5,,,,,,,,,
CAMBIO TAPA O EMPAQUE  DEL FILTRO CENTRIFUGO,,,,,,1,1,,,,,,,,1,1,1,,,0.9,0.9,0.9,,,,,,,,,0.9,1,,,1,0.9,,,,,,0.9,,,,,0.9,,,,,,,,,,,,,,,,,,,1.5,0.7,,0.7,,,,,,,,1,1,,,1,,,,,,,,
CAMBIO DE LOS TORNILLOS DE LA TAPA DEL FILTRO CENTRIFUGO,,,,,,,,,,,,,,,0.7,0.7,0.7,,,,0.9,0.9,,,,,,,,,0.9,1,,,,,,,,,,,,,,,,,,,,,,,,,,,,,,,,,,1.8,0.5,,0.5,,,,,,,,,,,,,,,,,,,,
CAMBIO DEL PIN DEL FILTRO CENTRIFUGO,,,,,,,,,,,,,,,,,,,,,,,,,,,,,,,,,,,,,,,,,,,,,,,,,,,,,,,,,,,,,,,,,,1.4,,,,,,,,,,,,,,,,,,,,,,,
CAMBIO  DE LA TUERCA O PIN SUJETADORA DEL CLUTCH,,,,,,1.5,1.5,,,,,,,,1.5,1.5,1.5,1.0,1.0,1.0,1.0,1.0,1.0,1,1.2,1.2,1.2,1.2,1.3,1.3,1.0,1,1.0,1.0,1.0,1.0,1,1,1,1,1,1.0,1,1,1.0,1.0,1.0,1,1,1.5,1.5,,1.6,1.5,1.0,1.0,1.0,1.2,1.5,1.5,1.5,1.5,1.5,1.8,1,1.3,1.0,1,1.0,,,,,1.5,1.2,1.5,1.5,1.5,1.5,,1.5,1.5,1.5,1.5,1.5,1.5,1.5,1.5,1.5
CAMBIO DE LA TUERCA SUJETADORA DEL CLUTCH CENTRIFUGO,,0.5,0.5,0.5,0.5,0.7,0.7,0.5,0.5,0.5,0.7,0.5,0.5,0.5,0.7,0.7,0.7,,,,,,,,,,,,,,,,,,,,,,,,,,,,,,,,,,,,1.6,0.7,,,,,,,,,,1.8,,,,,,0.5,0.5,0.5,,,,0.7,0.7,0.7,,,0.7,,,,,,,,
CAMBIO DE LA ARANDELA DEL CLUTCH Y DEL CLUTCH CENTRIFUGO,,,,,,,,,,,,,,,,,,,,,,,,,,,,,,,,,,,,,,,,,,,,,,,,,,,,,,,,,,,,,,,,,,,,1,,,,,,,,,,,,,,,,,,,,,
TENSIÓN SISTEMA DE CLUTCH SEMI AUTOMATICO ,,,,,,0.3,0.3,,,,,,,,0.3,0.3,0.3,,,,,,,,,,,,,,,,,,,,,,,,,,,,,,,,,,,,0.3,0.3,,,,,,,,,,0.3,,,,,,,,,,,,0.3,0.3,0.3,,,0.3,,,,,,,,
CAMBIO DE ACCIONADOR DE CLUTCH,,,,,,0.7,0.7,,,,,,,,0.7,0.7,0.7,0.7,0.7,0.7,0.7,0.7,0.7,0.7,,,,,0.7,,0.7,0.7,0.7,0.7,0.7,0.7,0.7,0.7,0.7,0.7,0.7,0.7,0.7,0.7,0.7,0.7,0.7,0.7,0.7,2,2,,1.6,0.7,1,0.7,0.7,1,1.5,1.5,1,1,1.5,0.7,0.7,0.7,0.7,0.7,0.7,,,,,1,,0.7,0.7,0.7,1,,0.7,1,1,1.5,1.5,1.5,1.5,1.5,1.5
SISTEMA DE TRANSMISIÓN,,,,,,,,,,,,,,,,,,,,,,,,,,,,,,,,,,,,,,,,,,,,,,,,,,,,,,,,,,,,,,,,,,,,,,,,,,,,,,,,,,,,,,,,,
CAMBIO EJE DE SALIDA ( TRANSMISIÓN ),2,2,2,2,2.5,5.5,5.5,2,2,2,3,2,2,2,5.5,5.5,5.5,6,6,7.5,7.5,7.5,7.5,7.5,7,7.8,7.8,7.5,8.5,8.5,7.5,7.5,6,6,6,6,6,6,6,6,6,6,0.6,0.6,6,6,5,6,6,9,9,,5.5,5.5,6,6,6,7,10,10,10,10,5,5.5,6,7.5,6,7.5,6,2,2,2.5,2.5,11.0,7.5,5.5,5.5,5.5,9,,5.5,9,9,10,7,10,8,10,10
CAMBIO DE PIÑONERIA DE CAJA,2,2,2,2.5,2.5,5.5,5.5,2,2,2,3,2,2,2,5.5,5.5,5.5,6,6,7.5,7.5,7.5,7.5,7.5,7,7.8,7.8,7.5,8.5,8.5,7.5,7.5,6,6,6,6,6,6,6,6,6,6,0.6,0.6,6,6,5,6,6,9,9,,5.5,5.5,6,6,6,7,10,10,10,10,5,5.5,6,7.5,6,7.5,6,2,2,2.5,2.5,11,7.5,5.5,5.5,5.5,9,,5.5,9,9,10,7,10,8,10,10
CAMBIO RETEN EJE SALIDA ,2,2,2,2,2.5,0.5,0.5,2,2,2,,2,2,2,0.5,0.5,0.5,0.5,0.5,0.5,0.5,0.5,0.5,0.5,0.5,0.5,0.5,0.5,0.5,0.5,0.5,0.5,0.5,0.5,0.5,0.5,0.5,0.5,0.5,0.5,0.5,0.5,0.5,0.5,0.5,0.5,0.5,0.5,0.5,1.5,1.5,,0.5,0.5,0.5,0.5,0.5,0.6,0.5,0.5,0.5,0.5,5,0.5,0.5,0.5,0.5,0.4,0.5,2,2,2.5,2.5,0.7,0.5,0.5,0.5,0.5,0.5,,0.5,0.5,0.5,0.5,7,0.5,8,0.5,0.5
CAMBIO DE SELECTOR Y/O HORQUILLAS DE CAMBIOS,,,,2.5,,5.5,5.5,,,,,,,,5.5,5.5,5.5,6,6,7.5,7.5,7.5,7.5,7.5,7,7.8,7.8,7.5,8.5,8.5,7.5,7.5,6,6,6,5,5,6,6,6,6,5,6,6,6,6,5,6,6,2,,,5.5,5.5,6,6,6,7,10,10,10,10,5,5.5,6,7.5,5,7.5,5,,,,,11,7.5,5.5,5.5,5.5,9,,5.5,9,9,10,7,10,8,10,10
CAMBIO DE  RODAMIENTOS DE LA CAJA,2,2,2,2,2.5,5.5,5.5,2,2,2,3,2,2,2,5.5,5.5,5.5,6,6,7.5,7.5,7.5,7.5,7.5,7,7.8,7.8,7.5,8.5,8.5,7.5,7.5,6,6,6,5,5,6,6,6,6,5,6,6,6,6,5,6,6,10,1,,5.5,5.5,6,6,6,7,10,10,10,10,5,5.5,6,7.5,5,7.5,5,2,2,2.5,2.5,11,7.5,5.5,5.5,5.5,9,2.5,5.5,9,9,10,7,10,8,10,10
CAMBIO EJE DE SALIDA (LARGO),,,,,,,,,,,,,,,,,,,,,,,,,,,,,,,,,,,,,,,,,,,,,,,,,,1,1,,,,,,,,,,,,,,,,,,,,,,,,,,,,,,,,,,,,,,
CAMBIO EJE DE SALIDA (CORTO),,,,,,,,,,,,,,,,,,,,,,,,,,,,,,,,,,,,,,,,,,,,,,,,,,1,1,,,,,,,,,,,,,,,,,,,,,,,,,,,,,,,,,,,,,,
CAMBIO RETENEDOR EJE TRANSMISION INTERNO,2,2,2,2,2.5,,,2,2,2,2,2,2,2,,,,,,,,,,,,,,,,,,,,,,,,,,,,,,,,,,,,,,,,,,,,,,,,,,,,,,,,2,2,2,2,,,,,,,2,,,,,,,,,
CAMBIO PIÑONES SATELITALES,,,,,,,,,,,,,,,,,,,,,,,,,,,,,,,,,,,,,,,,,,,,,,,,,,4,4,,,,,,,,,,,,,,,,,,,,,,,,,,,,,,,,,,,,,,
CAMBIO DE CRUCETAS,,,,,,,,,,,,,,,,,,,,,,,,,,,,,,,,,,,,,,,,,,,,,,,,,,9,9,,,,,,,,,,,,,,,,,,,,,,,,,,,,,,,,,,,,,,
CAMBIOS DE PIÑONES DE REVERSA,,,,,,,,,,,,,,,,,,,,,,,,,,,,,,,,,,,,,,,,,,,,,,,,,,2.5,2.5,,,,,,,,,,,,,,,,,,,,,,,,,,,,,,,,,,,,,,
CAMBIO DE ACOPLES CARDAN,,,,,,,,,,,,,,,,,,,,,,,,,,,,,,,,,,,,,,,,,,,,,,,,,,2.5,2.5,,,,,,,,,,,,,,,,,,,,,,,,,,,,,,,,,,,,,,
CAMBIO DE CARDANES,,,,,,,,,,,,,,,,,,,,,,,,,,,,,,,,,,,,,,,,,,,,,,,,,,,,,,,,,,,,,,,,,,,,,,,,,,,,,,,,,,,,,,,,,
CAMBIO EMPAQUE DE TRANSMISION,1.5,1.5,1.5,1.5,2.0,,,1.5,1.5,1.5,2.5,1.5,1.5,1.5,,,,,,,,,,,,,,,,,,,,,,,,,,,,,,,,,,,,3,2,,,,,,,,,,,,,,,,,,,1.5,1.5,2,2,,,,,,,2,,,,,,,,,
CAMBIO EMPAQUE REVERSA,,,,,,,,,,,,,,,,,,,,,,,,,,,,,,,,,,,,,,,,,,,,,,,,,,3,2,,,,,,,,,,,,,,,,,,,,,,,,,,,,,,,,,,,,,,
CAMBIO EMPAQUE SATELITES,,,,,,,,,,,,,,,,,,,,,,,,,,,,,,,,,,,,,,,,,,,,,,,,,,3,2,,,,,,,,,,,,,,,,,,,,,,,,,,,,,,,,,,,,,,
SISTEMA DE CAMBIOS,,,,,,,,,,,,,,,,,,,,,,,,,,,,,,,,,,,,,,,,,,,,,,,,,,,,,,,,,,,,,,,,,,,,,,,,,,,,,,,,,,,,,,,,,
CAMBIO EJE DE CAMBIOS Y RESORTES,,,,,,2.5,2.5,,,,,,,,2.5,2.5,2.5,2,2,2.5,2.5,2.5,2.5,2.5,2.5,2.5,2.5,2.5,2.6,2.6,2.5,2.5,2,2,2,2,2,2,2,2,2,2,2,2,2,2,2,2,2,2,2,,2,2.5,2.5,2,2,2.2,2.5,2.5,2.2,2.2,2.5,2,2,2,2,1.5,2,,,,,1.5,2.5,2.5,2.5,2.5,2.2,,2.5,2.2,2.2,2.5,2.5,2.5,2.5,2.5,2.5
CAMBIO PEDAL DE CAMBIOS,,,,,,0.2,0.2,,,,,,,,0.2,0.2,0.2,0.4,0.4,0.2,0.4,0.4,0.4,0.4,0.4,0.4,0.4,0.4,0.4,0.4,0.4,0.4,0.2,0.2,0.2,0.2,0.2,0.4,0.4,0.4,0.4,0.2,0.2,0.2,0.2,0.2,0.2,0.2,0.2,0.2,0.2,0.2,0.2,0.2,0.2,0.2,0.2,0.3,0.3,0.3,0.3,0.3,0.2,0.2,0.2,0.2,0.2,0.4,0.2,,,,,0.5,0.4,0.2,0.2,0.2,0.3,,0.2,0.3,0.3,0.3,0.2,0.3,0.2,0.3,0.3
CAMBIO RETEN EJE CAMBIOS EXTERNO,,,,,,0.4,0.4,,,,,,,,0.4,0.4,0.4,0.4,0.4,0.4,0.4,0.4,0.4,0.4,0.4,0.4,0.4,0.4,0.4,0.4,0.4,0.4,0.4,0.4,0.4,0.4,0.4,0.4,0.4,0.4,0.4,0.4,0.4,0.4,0.4,0.4,0.4,0.4,0.4,,,,0.4,0.4,0.4,0.4,0.4,0.5,0.5,0.5,0.5,0.5,1,0.4,0.4,0.4,0.4,0.4,0.4,,,,,0.4,0.4,0.4,0.4,0.4,0.5,,0.4,0.5,0.5,0.5,1,0.5,1,0.5,0.5
CAMBIO LEVA SELECTOR DE CAMBIOS (ESTRELLA),,,,,,2.5,2.5,,,,,,,,2.5,2.5,2.5,2,2,2.5,2.5,2.5,2.5,2.5,2.5,2.5,2.5,2.5,2.6,2.6,2.5,2.5,2,2,2,2,2,2,2,2,2,2,2,2,2,2,2,2,2,2,2,,2,2.5,2.5,2,2,2.5,2.5,2.5,2.5,2.5,2.5,2,2,2,2,1.5,2,,,,,1.5,2.5,2.5,2.5,2.5,2.5,,2.5,2.5,2.5,2.5,2.5,2.5,2.5,2.5,2.5
CAMBIO PLATINA SELECTOR,,,,,,2.5,2.5,,,,,,,,2.5,2.5,2.5,2,2,2.5,2.5,2.5,2.5,2.5,2.5,2.5,2.5,2.5,2.6,2.6,2.5,2.5,2,2,2,2,2,2,2,2,2,2,2,2,2,2,2,2,2,,,,2,2.5,2.5,2,2,2,,,,,,2,2,2,2,1.5,2,,,,,,2.5,2.5,2.5,2.5,2.5,,2.5,,,,,,,,
CAMBIO SENSOR DE CAMBIOS Y/O NEUTRA,,,,,,0.5,0.5,,,,,,,,0.5,0.5,0.5,0.5,0.5,0.5,0.5,0.5,0.5,1,0.6,0.6,0.6,0.6,0.6,0.6,0.5,0.5,0.5,0.5,0.5,0.5,0.5,0.5,0.5,0.5,0.5,0.5,0.5,0.5,0.5,0.5,0.5,0.5,0.5,0.3,0.3,,0.5,1,0.5,0.3,0.3,0.5,0.6,0.6,0.6,0.6,0.5,0.5,0.3,0.5,0.5,0.8,0.5,,,,,1,0.6,0.5,0.5,0.5,0.6,,0.5,0.6,0.6,0.6,0.5,0.6,0.5,0.6,0.6
CAMBIO RETENENEDOR EJE CAMBIOS INTERNO,,,,,,,,,,,,,,,,,,,,,,,,,,,,,,,,,,,,,,,,,,,,,,,,,,,,,,,6,,,,,,,,,,,,,,,,,,,,,,,,,,,,,,,,,,
CAMBIO SENSOR DE CAMBIOS (PLATINA),,,,,,0.5,0.5,,,,,,,,0.5,0.5,0.5,,,,,,,,,,,,,,,,,,,,,,,,,,,,,,,,,,,,,0.5,,,,,,,,,,0.6,,,,,,,,,,,,0.5,0.5,0.5,,,0.5,,,,,,,,
CAMBIO ESTRELLA DE CAMBIOS,,,,,,,,,,,,,,,,,,,,,,,,,,,,,,,,,,,,,,,,,,,,,,,,,,,,,1.8,,,,,,,,,,,,,,,,,,,,,1.5,,,2.5,2.5,2,,2.5,,,,,,,,
SISTEMA DE LUBRICACIÓN,,,,,,,,,,,,,,,,,,,,,,,,,,,,,,,,,,,,,,,,,,,,,,,,,,,,,1.8,,,,,,,,,,,,,,,,,,,,,,,,,,,,,,,,,,,,
CAMBIO Y/O REPARACIÓN BOMBA ACEITE 4T,,2.5,2.5,2.5,3.0,2.5,2.5,2.5,2.5,2.5,3.5,2.5,2.5,2.5,2.5,2.5,2.5,1.5,1.5,1.5,1.5,1.5,1.5,1.5,1.5,1.5,1.5,1.5,1.6,1.6,1.5,1.5,1.5,1.5,1.5,1.5,1.5,1.5,1.5,1.5,1.5,1.5,1.5,1.5,1.5,1.5,1.5,1.5,1.5,2.5,2.5,,2,2.5,,2,2,2.3,2.5,2.5,2.5,2.5,3,2,1.5,2,1.5,1,1.5,2.5,2.5,3.5,3.5,1.5,1.5,2.5,2.5,2.5,2.5,4.5,2.5,2.5,2.5,2.5,3,2.5,3,2.5,2.5
CAMBIO RECIPIENTE DE ACEITE DE DOS TIEMPOS,1,,,,,,,,,,,,,,,,,,,,,,,,,,,,,,,,,,,,,,,,,,,,,,,,,,,,,,1.5,,,,,,,,,,,,,,,,,,,,,,,,,,,,,,,,,,
CAMBIO Y/O CALIBRACIÓN BOMBA DE ACEITE DE 2T,0.7,,,,,,,,,,,,,,,,,,,,,,,,,,,,,,,,,,,,,,,,,,,,,,,,,,,,,,0.5,,,,,,,,,,,,,,,,,,,,,,,,,,,,,,,,,,
CAMBIO SENSOR DE ACEITE 2T,0.5,,,,,,,,,,,,,,,,,,,,,,,,,,,,,,,,,,,,,,,,,,,,,,,,,,,,,,0.3,,,,,,,,,,,,,,,,,,,,,,,,,,,,,,,,,,
CAMBIO CONDUCTO LUBRICACIÓN 2T Y 4T,0.5,,,,,,,,,,,,,,,,,,,0.5,0.5,0.5,,,,,,,,,0.5,0.5,,,,0.4,,,,,,0.5,,,,,0.5,,,,,,,,0.5,,,,1.0,,,,,,,,0.4,,0.4,,,,,,,,,,,,,,,,,,,,
CAMBIO DE EJE BOMBA DE LUBRICACIÓN,0.8,,,,,2.5,5.5,,,,,,,,2.5,2.5,2.5,1.5,1.5,,,,1.5,1.5,1.5,1.5,1.5,1.5,,1.6,,,,,,,,1.5,1.5,1.5,1.5,,,,,,,,,,,,,,0.8,,,,1.5,1.5,1.5,1.5,3,,,,,1.0,,,,,,1.5,1.5,2.5,2.5,2.5,1.5,,2.5,1.5,1.5,1.5,3,1.5,3,1.5,1.5
CAMBIO DE CADENILLA DE BOMBA DE LUBRICACION 4T,,2.5,2.5,2.5,3.0,,,2.5,2.5,2.5,3.5,2.5,2.5,2.5,,,,,,,,,,,,,,,,,,,,,,,,,,,,,,,,,,,,,,,,,,,,,,,,,,,,2,,,,2.5,2.5,3.5,3.5,,,,,,,3.5,,,,,,,,,
CAMBIO DE CHEQUES DE DESCARGE DE LUBRICACION,,,,,,,,,,,,,,,,,,,,,1,1,1,1.0,1.5,1.5,1.5,1.5,1.6,1.6,1.0,1,,,,,,,,,,,,,,,,,,,,,,,,,,,2,2,2,2,2,,,,,1.0,,,,,,,1.5,,,,2,,,2,2,2,2,2,2,2,2
CAMBIO DE FILTRO DE RECOLECCION DE BOMBA DE ACEITE 4T,,0.2,0.2,0.2,0.2,1.0,0.2,0.2,0.2,0.2,0.3,0.2,0.2,0.2,1,1.0,1,0.2,0.2,1,1,1,1,,,,,,,,1,1,,,,1.0,1,,,,,1.0,,,,,1.0,,,,,,,1.0,,1,1,1,0.2,0.3,0.3,0.3,1.8,,1,,1.0,,1.0,0.2,0.2,0.2,0.2,,,1,1.0,1.0,0.3,0.2,1.0,0.3,0.3,0.3,1.8,0.3,1.8,0.3,0.3
CAMBIO DE TAPA CARTER,,,,,,,,,,,,,,,,,,,,,,,,,,,,,,,,,,,,,,,,,,,,,,,,,,,,,,,,,,,,,,,1.5,,,,0.3,,0.3,,,,,1,,,,,,,,,,,2,,2,,
CAMBIO DE EMPAQUE TAPA CARTER,,,,,,,,,,,,,,,,,,,,,,,,,,,,,,,,,,,,,,,,,,,,,,,,,,,,,,,,,,,,,,,1.5,,,,0.3,,0.3,,,,,1,,,,,,,,,,,2,,2,,
CAMBIO DE CONDUCTOS INTERNOS DE ACEITE,,,,,,,,,,,,,,,,,,,,,,,,,,,,,,,,,,,,,,,,,,,,,,,,,,,,,,,,,,,4,4,4,4,2,,,,,,,,,,,,,,,,2,,,2,2,2,2,2,2,2,2
CAMBIO SENSOR DE PRESION DE ACEITE ,,,,,,,,,,,,,,,,,,,,,,,,,1,1,1,1,1.5,1.5,0.5,,,,,,,,,,,,,,,,,,,,,,,,,,,,1.0,1,1,,0.8,,,,,,,,,,,,1,,,,1,,,1,1,1,0.8,1,0.8,1,1
CAMBIO DEL EJE DEL PIÑON DE LA BOMBA DE LUBRICACION,,,,,,2.5,5.5,,,,,,,,2.5,2.5,2.5,1.5,1.5,,,,1.5,1.5,1.5,1.5,1.5,1.5,,1.6,,,,,,,,1.5,1.5,1.5,1.5,,,,,,,,,,,,,,,,,,1.5,1.5,1.5,1.5,2.5,5,,,0.7,1,0.7,,,,,1.5,1.5,2.5,2.5,2.5,1.5,,2.5,1.5,1.5,1.5,2.5,1.5,2.5,1.5,1.5
CAMBIO DEL PIÑON ACCIONADOR DE LA BOMBA DE LUBRICACION,,2.5,2.5,2.5,3.0,2.5,5,2.5,2.5,2.5,3,2.5,2.5,2.5,2.5,2.5,2.5,1.5,1.5,,,,1.5,1.5,1.5,1.5,1.5,1.5,,1.6,,,,,1.5,,,1.5,1.5,1.5,1.5,,,,,,,1.5,1.5,,,,,,1.0,,,1,1.5,1.5,1.5,1.5,2.5,5,1,,,,,2.5,2.5,3,3,1.5,1.5,2.5,2.5,2.5,1.5,3,2.5,1.5,1.5,1.5,2.5,1.5,2.5,1.5,1.5
CAMBIO Y/O REPARACION DEL SENSOR DE ACEITE 4T,,,,,,,,,,,,,,,,,,,,,,,,,,,,,,,,,,,,,,,,,,,,,,,,,,,,,,,,,,,,0.4,0.4,,1.2,,,,,,,,,,,,,,,,0.4,,,0.4,0.4,0.4,0.4,0.4,0.4,0.4,0.4
CAMBIO  BOMBA DE SUCCION DE ACEITE DEL CARTER,,,,,,,,,,,,,,,,,,,,,,,,,,,,,1.0,,,,,,,,,,,,,,,,,,,,,,,,,,,,,,,,,,,,,,,,,,,,,1.5,,,,,,,,,,,,,,,
SISTEMA DE CARBURACIÓN Ó INYECCION,,,,,,,,,,,,,,,,,,,,,,,,,,,,,,,,,,,,,,,,,,,,,,,,,,,,,,,,,,,,,,,,,,,,,,,,,,,,,,,,,,,,,,,,,
CAMBIO VÁLVULA Y/O  LENGÜETAS,1,,,,,,,,,,,,,,,,,,,,,,,,,,,,,,,,,,,,,,,,,,,,,,,,,,,,,,1,,,,,,,,,,,,,,,,,,,,,,,,,,,,,,,,,,
LIMPIAR Y REVISAR CARBURADOR,1.5,1.5,1.5,1.5,1.5,1.8,1.8,1.5,1.5,1.5,,1.5,1.5,1.5,1.8,1.8,1.8,1.2,1.2,1.5,1.5,1.5,2,2,2,2.3,2.3,2,,,1.5,1.5,1.8,1.5,1.5,1.2,1.2,1.2,1.2,1.2,1.2,1.2,1.5,1.5,1.8,1.5,1.2,1.5,1.5,1.5,1.5,,1.8,1.8,1.5,1.5,1.5,,3.0,,,,,1.7,1.5,1.8,1.5,,1.5,1.5,1.5,,,,2,1.8,1.8,1.8,,,1.8,,,,,,,,
CAMBIO CONDUCTO CARBURADOR CILINDRO,0.8,0.8,0.8,0.8,0.8,1,1,0.8,0.8,0.8,,0.8,0.8,0.8,1,1,1,0.5,0.5,0.5,0.5,0.5,0.5,,,,,,,,0.5,0.5,0.5,0.5,0.5,0.5,0.5,0.5,0.5,0.5,0.5,0.5,0.5,0.5,0.5,0.5,0.4,0.5,0.5,1,1,,1,1,0.8,0.5,0.5,1,2,,,,,1,0.5,0.8,,,,0.8,0.8,,,,,1,1,1,,,1,,,,,,,,
CAMBIO DE PARTES INTERNAS DEL CARBURADOR,1.3,1.5,1.5,1.5,1.5,1.8,1.8,1.5,1.5,1.5,,1.5,1.5,1.5,1.8,1.8,1.8,1.2,1.2,1.5,1.5,1.5,2,2,2,2.3,2.3,2,,,1.5,1.5,1.8,1.5,1.5,1.2,1.2,1.2,1.2,1.2,1.2,1.2,1.5,1.5,1.8,1.5,1.2,1.5,1.5,1.3,1.3,,1.8,1.8,1.5,1.5,1.5,,3.0,,,,,1.7,1.5,1.8,1.5,,1.5,1.5,1.5,,,,2,1.8,1.8,1.8,,,1.8,,,,,,,,
CAMBIO DE CARBURADOR,1,0.8,0.8,0.8,0.8,1.0,1.0,0.8,0.8,0.8,,0.8,0.8,0.8,1,1.0,1,0.5,0.5,0.5,0.5,0.5,1.5,1.5,1.5,1.8,1.8,1.5,,,0.5,0.5,0.8,0.5,0.5,0.4,0.4,0.5,0.5,0.5,0.5,0.4,0.5,0.5,0.8,0.5,0.4,0.5,0.5,0.8,0.8,,0.8,1.0,0.8,1.2,1.2,,2,,,,,0.8,1.2,0.8,0.5,,0.5,0.8,0.8,,,,1.5,1,1.0,1.0,,,1.0,,,,,,,,
CAMBIO AISLANTE TERMICO CONDUCTO CARBURADOR,,0.8,0.8,,,,,0.8,0.8,0.8,,0.8,0.8,0.8,,,,,,,,,,,,,,,,,,,,0.4,,0.4,0.4,,,,,0.4,0.4,0.4,,,0.4,,,0.4,,,,,,,,,,,,,,,0.4,,0.3,,0.3,0.8,0.8,,,,,,,,,,,,,,,,,,
CAMBIO O´RING Y/O EMPAQUE CONDUCTO CARBURADOR,0.7,0.8,0.8,0.8,0.8,0.7,0.7,0.8,0.8,0.8,,0.8,0.8,0.8,0.7,0.7,0.7,0.5,0.5,0.5,0.5,0.5,,,,,,,,,0.5,0.5,0.5,0.5,0.5,0.4,0.4,0.5,0.5,0.5,0.5,0.4,0.4,0.4,0.5,0.5,0.4,0.5,0.5,0.3,0.3,,0.7,1,0.7,0.5,0.5,,2,,,,,0.7,,0.7,0.3,,0.3,0.8,0.8,0.5,0.5,,,0.7,0.7,0.7,,,0.7,,,,,,,,
CAMBIO DE CUERPO DE INYECTORES,,,,,,,,,,,,,,,,,,,,,,,,,,,,,2,2,,,,,,,,,,,,,,,,,,,,,,,,,,,,2.5,,2.5,2.5,2.5,2.5,,,,,0.8,,,,1,1,2,,,,,2.5,2.5,,2.5,2.5,2.5,2.5,2.5,2.5,2.5,2.5
CAMBIO DE BOQUERELES ,1.5,1.3,1.3,1.3,1.3,1.6,1.6,1.3,1.3,1.3,,1.3,1.3,1.3,1.6,1.6,1.6,,,,,,,,,,,,,,,,,,,,,,,,,,,,,,,,,,,,,,,,,,,,,,,,,,1,,1,1.3,1.3,,,,,1.6,1.6,1.6,,,1.6,,,,,,,,
CAMBIO DE DIAFRAGMA O CORTINA,,0.7,0.7,0.7,0.7,1.0,1.0,0.7,0.7,0.7,,0.7,0.7,0.7,1,1.0,1,0.7,0.7,0.7,0.7,0.7,1.5,1.5,1.5,1.8,1.8,1.5,,,0.7,0.7,0.7,0.7,0.7,0.7,0.7,0.7,0.7,0.7,0.7,0.7,0.7,0.7,0.7,0.7,0.7,0.7,0.7,,,,,1.0,0.7,0.7,0.7,,2,,,,,,0.7,,0.6,,0.6,0.7,0.7,,,,1.5,1,1.0,1.0,,,1.0,,,,,,,,
REVISION Y/O CAMBIO DEL SERVO MOTOR,,,,,,,,,,,,,,,,,,,,,,,,,,,,,,,,,,,,,,,,,,,,,,,,,,,,,,,,,,1,,1,1,1,2,,,,,,,,,,,,,,,,1,,,1,1,1,2,1,2,1,1
REVISION Y/O CAMBIO DEL EL T.P.S DE ACELERACION,,,,,,,,,,,,,,,,,,,,,,,,1.5,1.7,2,2,1.7,2,2,,,,,,,,,,,,,,,,,,,,,,,,,,,,1.5,,1.5,1.5,1.5,2,,,,,0.6,,,,0.5,0.5,0.5,1.7,,,,1.5,2,,1.5,1.5,1.5,2,1.5,2,1.5,1.5
REVISION Y/O CAMBIO DEL T.P.S DE SUBACELREACION,,,,,,,,,,,,,,,,,,,,,,,,,,,,,,,,,,,,,,,,,,,,,,,,,,,,,,,,,,,,1.5,1.5,1.5,2,,,,,,,,,,,,,,,,,,,1.5,1.5,1.5,2,1.5,2,1.5,1.5
LIMPIEZA CARBURADOR ENGOMADO,,,,,,,,,,,,,,,,,,1.2,1.2,1.2,1.2,1.2,2,2,2,2.3,2.3,2,,,1.2,1.2,1.2,1.2,1.2,1.2,1.2,1.2,1.2,1.2,1.2,1.2,1.2,1.2,1.2,1.2,1.2,1.2,,,,,,,,,,,,,,,,,1.2,,1.5,,1.5,2,2,,,,2,,,,,,,,,,,,,,
CAMBIO CHOKE,1.5,1.5,1.5,1.5,1.5,1.5,1.5,1.5,1.5,1.5,,1.5,1.5,1.5,1.5,1.5,1.5,0.5,0.5,0.3,0.3,0.3,1.5,1.5,1.5,1.8,1.8,1.5,,,0.5,0.5,0.5,0.5,0.3,0.3,0.3,0.3,0.3,0.3,0.3,0.3,0.4,0.4,0.3,0.3,0.3,0.4,0.4,,0.5,,,,0.3,0.5,0.5,,,,,,,,0.5,,0.5,,0.5,1.5,1.5,,,,1.5,1.5,1.5,1.5,,,1.5,,,,,,,,
AJUSTE REGLAJE DEL CARBURADOR (sin desmontar el carburador),,,0.5,0.5,0.5,0.5,0.5,0.5,0.5,0.5,,0.5,0.5,0.5,0.5,0.5,0.5,0.5,0.5,0.5,0.5,0.5,0.5,0.5,0.5,0.5,0.5,0.5,,,0.5,0.5,0.5,0.5,0.5,0.5,0.5,0.5,0.5,0.5,0.5,0.5,0.5,0.5,0.5,0.5,0.5,0.5,0.5,0.5,0.5,,0.5,0.5,0.5,0.5,0.5,,0.5,,,,,,0.5,,0.5,,0.5,0.6,0.6,,,,0.5,0.5,0.5,0.5,,,0.5,,,,,,,,
CONJUNTO DE ARRANQUE,,,,,,,,,,,,,,,,,,,,,,,,,,,,,,,,,,,,,,,,,,,,,,,,,,,,,,,,,,,,,,,,,,,,,,,,,,,,,,,,,,,,,,,,,
CAMBIO EJE DE CRANK ,0.6,0.8,0.8,0.8,,5.5,5.5,0.8,0.8,0.8,,0.8,0.8,1,5.5,5.5,5.5,2.0,2.0,2.5,,2.5,2.5,,2.5,2.5,,,,,,,2.5,2.5,2.5,2.0,2,2,2,2,2,2.0,2.5,2.5,2.5,2.5,2.0,2.5,,3,3,,2.5,5.5,1.5,1,1,,,,,,,5.5,1,7.5,2.5,,2.5,1.2,1.2,0.8,0.8,,,5.5,5.5,5.5,,,5.5,,,,,,,,
CAMBIO PIÑÓN DE CRANK,0.6,0.6,0.6,0.6,,5.5,5.5,0.6,0.6,0.6,,0.6,0.6,0.8,5.5,5.5,5.5,2.0,2.0,2.5,,2.5,2.5,,2.5,2.5,,,,,,,2.5,2.5,2.5,2.0,2,2,2,2,2,2.0,2.5,2.5,2.5,2.5,2.0,2.5,,9,9,,2.5,5.5,1.5,1,1,,,,,,,5.5,1,7.5,2.0,,2.0,0.8,0.8,0.6,0.6,,,5.5,5.5,5.5,,,5.5,,,,,,,,
CAMBIO PEDAL DE CRANK ,0.15,0.20,0.20,0.20,,0.20,0.20,0.2,0.2,0.2,,0.2,0.2,0.2,0.2,0.2,0.2,0.20,0.2,0.20,,0.2,0.2,,0.2,0.2,,,,,,,0.20,0.2,0.20,0.20,0.2,0.2,0.2,0.2,0.2,0.20,0.2,0.2,0.20,0.20,0.20,0.2,0.2,0.15,0.2,,0.15,0.20,0.20,0.20,0.20,,,,,,,0.20,0.2,0.20,0.2,,0.2,0.2,0.2,0.2,0.2,,,0.2,0.2,0.2,,,0.2,,,,,,,,
CAMBIO RETEN EJE CRANK,,,,,,0.4,0.4,,,,,,,,0.4,0.4,0.4,0.4,0.4,0.4,,0.4,0.4,,0.4,0.4,,,,,,,0.4,0.4,0.4,0.4,0.4,0.4,0.4,0.4,0.4,0.4,0.4,0.4,0.4,0.4,0.4,0.4,0.4,0.5,0.5,,0.4,0.4,0.4,0.4,0.4,,,,,,,0.4,0.4,0.4,0.5,,0.5,,,,,,,0.4,0.4,0.4,,,0.4,,,,,,,,
CAMBIO DE RESORTE DE CRANK,0.5,0.8,0.8,0.8,,1.5,1.5,0.8,0.8,0.8,,0.8,0.8,1,1.5,1.5,1.5,6,6,7.5,,2.5,2.5,,2.5,2.5,,,,,,,6,6,2,1.8,1.8,6,6,1.8,6,1.8,6,6,6,6,1.8,2.5,,8.5,8.5,,1.8,1.5,1.5,1,1,,,,,,,1.8,1,1.5,1.5,,1.5,1,1,0.8,0.8,,,1.5,1.5,1.5,,,1.5,,,,,,,,
CAMBIO DE  MOTOR DE ARRANQUE,1,1,1,1,1,1.5,1.5,1,1,1,1,1,1,1,1.5,1.5,1.5,1.3,1.3,1.3,1.3,1.3,1,1,1,1,1,1,1,1,1.3,1.3,1,1,1.3,,,1.3,1.3,1.3,1.3,,1,1,1,1,,1,1,2,2,,1,1,,1.2,1.2,1.4,1.5,1.5,1.5,1.5,1.3,1,1,1,1,0.3,1,1,1,0.9,1,0.5,1,1.5,1.5,1.5,0.6,1,1.5,0.6,0.6,0.5,1.3,0.5,1.3,0.5,0.6
LIMPIEZA Y LUBRICACION MOTOR DE ARRANQUE (INTERNA),1,1.5,1.5,1.5,1.5,2.0,2.0,1.5,1.5,1.5,1.5,1.5,1.5,1.5,2,2.0,2.0,1.8,1.8,1.8,1.8,1.8,1.5,1.8,1.5,1.5,1.5,1.5,1.5,1.5,1.8,1.8,1.5,1.5,1.8,,,1.8,1.8,1.8,1.8,,1.5,1.5,1.5,1.5,,1.5,1.5,,,,1.5,1.5,,1.6,1.6,1.7,2.0,2,2,2,1.8,,1.6,,1,1,1,1.5,1.5,1.5,1.5,1,1.5,2.0,2.0,2.0,1.5,1.5,2.0,1.5,1.5,1.5,1.8,1.5,1.8,1.5,1.5
CAMBIO DE PIÑONES DEL MOTOR DE ARRANQUE LADO VOLANTE,1.3,2.5,2.5,2.5,2.8,1,1,2.5,2.5,2.5,3,2.5,2.5,2.5,1,1,1,1,1,1,1,1,1,1,1,1,1,1,1.1,1.1,1,1,1,1,1,,,1,1,1,1,,1,1,1,1,,1,1,,,,1.5,1.3,,1,1,1,1.8,1.8,1.5,1.5,1.5,,1,1.5,1.5,0.6,1.5,2.5,2.5,2.5,2.5,1,1,1,1,1,1,2.5,1,1,1,1,1.5,1,1.5,1,1
CAMBIO ROLLERS PIÑÓN ARRANQUE DE LA VOLANTE,,2.5,2.5,2.5,2.8,1.2,1.2,2.5,2.5,2.5,3,2.5,2.5,2.5,1.2,1.2,1.2,1.2,1.2,1.2,1.2,1.2,1.2,1.2,1.2,1.2,1.2,1.2,1.3,1.3,1.2,1.2,1.2,1.2,1.2,,,1.2,1.2,1.2,1.2,,1.2,1.2,1.2,1.2,,1.2,1.2,,,,,1.5,,1.2,1.2,1.5,1.8,1.8,1.5,1.5,1.5,1.2,1.2,1.2,,1,,2.5,2.5,2.5,2.5,1,1.2,1.2,1.2,1.2,1.5,3,1.2,1.5,1.5,1.5,1.5,1.5,1.5,1.5,1.5
CAMBIO DE CADENILLA DE ARRANQUE,,,,,,1.2,1.2,,,,,,,,1.2,1.2,1.2,,,,,,,,,,,,,,,,,,,,,,,,,,,,,,,,,,,,,,,,,,,,,,,0.8,,,,,,,,,,,,1.2,1.2,1.2,,,1.2,,,,,,,,
CAMBIO DESLIZADORES CADENILLA DE ARRANQUE,,,,,,0.5,0.5,,,,,,,,0.5,0.5,0.5,,,,,,,,,,,,,,,,,,,,,,,,,,,,,,,,,,,,,,,,,,,,,,,0.5,,,,,,,,,,,,0.5,1.0,1.0,,,1.0,,,,,,,,
CAMBIO PLATO SOPORTE DESLIZADORES,,,,,,2.0,2.0,,,,,,,,2,2.0,2.0,,,,,,,,,,,,,,,,,,,,,,,,,,,,,,,,,,,,,,,,,,,,,,,1,,,,,,,,,,,,2.0,2.0,2.0,,,2.0,,,,,,,,
CAMBIO DE CLUTCH DE ARRANQUE ,1.6,2.5,2.5,2.5,2.8,1.2,1.2,2.5,2.5,2.5,3,2.5,2.5,2.5,1.2,1.2,1.2,1.2,1.2,1.2,1.2,1.2,1.2,1.2,1.2,1.2,1.2,1.2,1.3,1.3,1.2,1.2,1.2,1.2,1.2,,,1.2,1.2,1.2,1.2,,1.2,1.2,1.2,1.2,,1.2,1.2,,,,,1.5,,1.2,1.2,1.5,1.8,1.8,1.5,1.5,1.5,1.3,1.2,1.3,1.5,1,1.5,2.5,2.5,2.5,2.5,1.5,1.2,1.2,1.2,1.2,1.5,2.5,1.2,1.5,1.5,1.5,1.5,1.5,1.5,1.5,1.5
CAMBIO RETENEDOR PLATO BASE DEL ARRANQUE,,,,,,,,,,,,,,,,,,,,,,,,,,,,,,,,,,,,,,,,,,,,,,,,,,,,,,,,,,,,,,,,1.8,,,,,,,,,,,,,,,,,,,,,,,,,
CAMBIO EMPAQUE TAPA VOLANTE,,,,,2.5,0.6,0.6,,,,,,,,0.6,0.6,0.6,0.5,0.5,0.4,0.4,0.4,0.5,0.5,0.5,0.5,0.5,0.5,0.6,0.6,0.4,0.4,0.4,0.4,0.4,0.4,0.4,0.5,0.5,0.5,0.5,0.4,0.4,0.4,0.4,0.4,0.4,0.4,0.4,,,,0.8,0.8,0.4,0.4,0.4,0.5,1,1,1,1,1,0.8,0.4,0.8,0.5,0.6,0.5,,,,,0.7,0.5,0.6,0.7,0.6,1,,0.6,1,1,1,1,1,1,1,1
CAMBIO DE RODAMIENTO O BUJE DE CLUTCH DEL ARRANQUE,,,,,,1.2,1.2,,,,,,,,1.2,1.2,1.2,1.2,1.2,1.2,1.2,1.2,1.2,1.2,,,,,,,1.2,1.2,1.4,1.4,1.2,,,1.2,1.2,1.2,1.2,,1.4,1.4,1.4,1.4,,1.4,,,,,,,,1.4,1.4,1.3,,1.5,1.5,1.5,2,0.8,1.2,0.8,1,1,1,,,,,,,1.2,1.2,1.2,1.5,,1.2,1.5,1.5,1.5,2,1.5,2,1.5,1.5
CAMBIO BASE PIÑON DE ARRANQUE,,,,,,,,,,,,,,,,,,1.8,1.8,1.8,1.8,1.8,1.8,1.8,,,,,,,1.8,1.8,,,,,,1.8,1.8,1.8,1.8,,,,,,,,,,,,,,,,,,,,,,,1.8,,,,1.5,,,,,,,,,,,,,,,,,,,,,
CAMBIO Y/O REPARACION DE LOS ROLEX,1,1,1,1,1,,,1,1,1,1,1,1,1,,1.2,1.2,,,,,,,,,,,,,,,,,,,,,,,,,,,,,,,,,,,,,,,,,,,,,,,,1.2,,,,,1,1,1,1,,,1.2,,,,1,,,,,,,,,
SISTEMA DE REFRIGERACIÓN,,,,,,,,,,,,,,,,,,,,,,,,,,,,,,,,,,,,,,,,,,,,,,,,,,,,,,,,,,,,,,,,,,,,,,,,,,,,,,,,,,,,,,,,,
CAMBIO RADIADOR Y/O LIMPIEZA DEL SISTEMA,,,,,2,,,,,,,,,,,,,,,,,,1,2,,,2,2,2.5,2.5,1,1,,,,,,,,,,,,,,,,,,,1,,,,1,,,2,2,2,2,2,1.5,,,,,,,,,,,1.5,2,,,,1.4,2,,1.4,1.6,2,1.5,2,1.5,2,2
CAMBIO  VENTILADOR O EXTRACTOR ,,,,,1.5,,,,,,,,,,,,,,,,,,,1.5,,,1.5,1.5,2,2,,,,,,,,,,,,,,,,,,,,,,,,,,,,1.7,1.5,2,2,2,1.2,,,,,,,,,,,1,1.5,,,,,2,,,1.2,2,1.2,2,1.2,2,1.4
CAMBIO LIQUIDO REFRIGERANTE,,,,,0.7,,,,,,,,,,,,,,,,,,,0.5,,,0.5,0.5,1,1,,,,,,,,,,,,,,,,,,,,,,,,,0.5,,,0.5,0.5,0.5,0.5,0.5,0.5,,,,,,,,,,,0.8,0.5,,,,,1.5,,,0.5,0.5,0.5,0.5,0.5,0.5,0.5
CAMBIO SELLO MECÁNICO,,,,,3,,,,,,,,,,,,,,,,,,,7.5,,,1,1,1.1,1.1,,,,,,,,,,,,,,,,,,,,,,,,,1.5,,,1,1.5,1.5,1.5,1.5,1.5,,,,,,,,,,,1.5,1,,,,1.5,2,,1.5,1.5,1.5,1.5,1.5,1.5,1.5,1.5
CAMBIO RECIPIENTE DE REFRIGERANTE,,,,,1.5,,,,,,,,,,,,,,,,,,,0.5,,,0.3,0.3,0.8,0.8,,,,,,,,,,,,,,,,,,,,,,,,,0.5,,,0.5,0.5,0.5,0.5,0.5,0.3,,,,,,,,,,,0.8,0.3,,,,1,2,,,,0.8,0.3,0.8,0.3,0.8,0.8
CAMBIO EMPAQUE DE  LA TAPA DE LA BOMBA DE REFRIGERANTE O IMPELLER,,,,,0.7,,,,,,,,,,,,,,,,,,,0.8,,,0.8,0.8,0.9,0.9,,,,,,,,,,,,,,,,,,,,,,,,,0.7,,,0.7,0.8,0.8,0.7,0.7,0.7,,,,,,,,,,,0.8,0.8,,,,0.7,2,,0.7,0.7,0.8,0.7,0.7,0.7,0.7,0.8
CAMBIO SENSOR PRESION ACEITE,,,,,,,,,,,,,,,,,,,,,,,1,1,1,1,1,1,1.5,1.5,,,,,,,,,,,,,,,,,,,,,,,,,,,,,,0.5,0.5,,,,,,,,,,,,,,1,,,,0.5,2,,0.5,0.5,0.5,0.5,0.5,0.5,0.5,0.5
CAMBIO TERMOSTATO,,,,,1,,,,,,,,,,,,,,,,,,,1.5,,,1,1,1.5,1.5,,,,,,,,,,,,,,,,,,,,,,,,,0.8,,,0.7,0.8,0.8,0.8,0.8,1.5,,,,,,,,,,,1,1,,,,0.8,2.5,,0.8,0.8,0.8,1.5,0.8,1.5,0.8,0.8
CAMBIO CORAZA DE REFRIGERACION DE CILINDRO. CULATA Y/O BUJIA,0.8,1.2,1.2,1.2,,,,1.2,1.2,1.2,,1.2,1.2,1.2,,,,,,,,,,,0.5,,,,,,,,,,,,,,,,,,,,,,,,,0.5,0.5,,,,,,,,,,,,,,,,,,,1.2,1.2,1.5,1.5,,,,,,,1.5,,,,,,,,,
CAMBIO SENSOR DE TEMPERATURA,,,,,0.7,,,,,,,,,,,,,0.2,0.2,,0.2,0.2,0.2,1.5,1,1.5,1.5,1,1.5,1.5,0.2,,0.2,0.2,,,,0.2,0.2,0.2,0.2,,,,0.2,,,,,,,,,,0.5,,,0.6,0.6,0.8,0.8,0.7,1,,,,,,,,,,1,0.5,1,,,,0.8,1,,0.8,0.8,0.8,1,0.8,1,0.8,0.8
CAMBIO VENTILADOR VOLANTE,0.4,0.4,0.4,0.4,,,,0.4,0.4,0.4,,0.4,0.4,0.4,,,,,,,,,,,,,,,,,,,,,,,,,,,,,,,,,,,,0.8,0.8,,,,,,,,,,,,,,,,,,,0.4,0.4,0.4,0.4,,,,,,,0.4,,,,,,,,,
CAMBIO Y/O REVISION DEL SENSOR DEL MOTOR VENTILADOR,,,,,1.3,,,,,,,,,,,,,,,,,,,,,,,,,,,,,,,,,,,,,,,,,,,,,,,,,,,,,1.3,1.3,1.3,1.3,1.3,1,,,,,,,,,,,0.5,,,,,1.3,1,,1.3,1.3,1.3,1,1,1,1,1.3
CAMBIO MANGUERAS DEL RADIADOR,,,,,1.7,,,,,,,,,,,,,,,,,,0.4,1,,,1,1,1.5,1.5,0.4,0.4,,,,,,,,,,,,,,,,,,,1,,,,1,,,1,1,1,1,1,1,,,,,,,,,,,1.5,1,,,,1,2.5,,1,1,1,1,1,1,1,1
CAMBIO BOMBA DE AGUA O IMPELLER,,,,,3,,,,,,,,,,,,,,,,,,,1,,,1,1,1.1,1.1,,,,,,,,,,,,,,,,,,,,,,,,,1.5,,,1,1,1,1,1,0.7,,,,,,,,,,,1.5,1,,,,1,2,,1,1,1,0.7,1,0.7,1,1
CAMBIO RODAMIENTO EJE BOMBA,,,,,3,,,,,,,,,,,,,,,,,,,7.5,,,7.5,7.5,8.5,8.5,,,,,,,,,,,,,,,,,,,,,,,,,1.5,,,1.3,1.5,1.5,1.5,1.5,1.5,,,,,,,,,,,1.5,7.5,,,,1.5,2.2,,1.5,1.5,1.5,1.5,1.5,1.5,1.5,1.5
CONJUNTO DE ARRASTRE,,,,,,,,,,,,,,,,,,,,,,,,,,,,,,,,,,,,,,,,,,,,,,,,,,,,,,,,,,,,,,,,,,,,,,,,,,,,,,,,,,,,,,,,,
CAMBIO CADENA O BANDA DE TRACCION C/U,0.8,1.0,1.0,1.0,1.0,0.4,0.4,1.0,1,1,1,1,1.0,1.0,0.4,0.4,0.4,0.4,0.4,0.4,0.4,0.4,0.4,0.4,0.4,0.4,0.4,0.4,0.4,0.4,0.4,0.4,0.4,0.4,0.4,0.4,0.4,0.4,0.4,0.4,0.4,0.4,0.4,0.4,0.4,0.4,0.4,0.4,0.4,0.7,,,0.4,0.4,0.4,0.4,0.4,0.5,0.4,0.4,0.4,0.4,1,0.4,0.4,0.4,0.4,0.4,0.4,1,1,1,1,,0.4,0.4,0.4,0.4,0.4,1,0.4,0.4,0.4,0.4,1,0.4,1,0.4,0.4
CAMBIO PIÑÓN DE SALIDA (C/U),,,,,,0.4,0.4,,,,,,,,0.4,0.4,0.4,0.4,0.4,0.4,0.4,0.4,0.4,0.4,0.4,0.4,0.4,0.4,0.4,0.4,0.4,0.4,0.4,0.4,0.4,0.4,0.4,0.4,0.4,0.4,0.4,0.4,0.4,0.4,0.4,0.4,0.4,0.4,0.4,0.7,,,0.4,0.4,0.4,0.4,0.4,0.4,0.4,0.4,0.4,0.4,0.4,0.4,0.4,0.4,0.4,0.3,0.4,,,,,0.7,0.4,0.4,0.4,0.4,0.4,,0.4,0.4,0.4,0.4,0.4,0.4,0.4,0.4,0.4
CAMBIO SPROCKET ,,,,,,0.7,0.7,,,,,,,,0.7,0.7,0.7,0.7,0.7,0.7,0.7,0.7,0.7,0.7,0.7,0.7,0.7,0.7,0.7,0.7,0.7,0.7,0.7,0.7,0.7,0.7,0.7,0.7,0.7,0.7,0.7,0.7,0.7,0.7,0.7,0.7,0.7,0.7,0.7,0.8,,,0.5,0.7,0.7,0.7,0.7,0.7,0.7,0.7,0.7,0.7,0.7,0.7,0.7,0.7,0.7,0.6,0.7,,,,,0.8,0.7,0.7,0.7,0.7,0.7,,0.7,0.7,0.7,0.7,0.7,0.7,0.7,0.7,0.7
CAMBIO CAUCHOS PORTA SPROCKET,,,,,,0.4,0.4,,,,,,,,0.4,0.4,0.4,0.4,0.4,0.4,0.4,0.4,0.4,0.4,0.4,0.4,0.4,0.4,0.4,0.4,0.4,0.4,0.4,0.4,0.4,0.4,0.4,0.4,0.4,0.4,0.4,0.4,0.4,0.4,0.4,0.4,0.4,0.4,0.4,,,,0.4,0.4,,,,,0.5,0.5,0.5,,0.5,0.4,,,0.5,0.6,0.5,,,,,0.6,0.4,0.4,0.4,0.4,0.5,,0.4,0.5,0.5,0.5,0.5,0.5,0.5,0.5,0.5
CAMBIO DE GUARDACADENAS,,,,,,0.3,0.3,,,,,,,,0.3,0.3,0.3,0.3,0.3,0.4,0.3,0.3,0.3,0.3,0.3,0.3,0.3,0.3,0.3,0.3,0.3,0.3,0.4,0.4,0.3,0.4,0.4,0.4,0.3,0.3,0.3,0.4,0.4,0.4,0.4,0.4,0.4,0.4,0.4,1,,,0.3,0.3,0.3,0.2,0.2,0.2,0.3,0.3,0.3,0.3,0.3,0.3,0.2,0.3,0.3,0.1,0.3,,,,,0.5,0.3,0.3,0.2,0.2,0.3,,0.2,0.3,0.3,0.3,0.3,0.3,0.3,0.3,0.3
CAMBIO DE TENSORES CADENA (C/U),,,,,,0.4,0.4,,,,,,,,0.4,0.4,0.4,0.4,0.4,0.4,0.4,0.4,0.4,0.4,0.4,0.2,0.2,0.2,0.2,0.2,0.4,0.4,0.4,0.4,0.4,0.4,0.4,0.4,0.4,0.4,0.4,0.4,0.4,0.4,0.4,0.4,0.4,0.4,0.4,0.6,,,0.4,0.4,0.4,0.4,0.4,0.4,0.4,0.4,0.4,0.4,0.4,0.4,0.4,0.4,0.4,0.4,0.4,,,,,0.3,0.2,0.4,0.4,0.4,0.4,,0.4,0.4,0.4,0.4,0.4,0.4,0.4,0.4,0.4
CAMBIO DE KIT DE ARRASTRE,,,,,,1,1,,,,,,,,1,1,1,1,1,1,1,1,1,1,1,1,1,1,1,1,1,1,1,1,1,1,1,1,1,1,1,1,1,1,1,1,1,1,1,2,,,0.7,1,1,1,1,1,1,1,1,1,1,1,1,1,1,1,1,,,,,1.5,1,1,1,1,1.4,,1,1.4,1.4,1.4,1,1.4,1,1.4,1.4
CAMBIO DE TORNILLOS SUJETADORES SPROCKET,,,,,,0.7,0.7,,,,,,,,0.7,0.7,0.7,0.7,0.7,0.7,0.7,0.7,0.7,0.7,0.4,0.4,0.4,0.4,0.4,0.4,0.7,0.7,0.7,0.7,0.7,0.7,0.7,0.7,0.7,0.7,0.7,0.7,0.7,0.7,0.7,0.7,0.7,0.7,0.7,0.7,,0.7,0.4,0.7,0.7,0.7,0.7,0.7,0.7,0.7,0.7,0.7,0.7,0.7,0.7,0.7,0.7,0.6,0.7,,,,,0.7,0.4,0.7,0.7,0.7,0.7,,0.7,0.7,0.7,0.7,0.7,0.7,0.7,0.7,0.7
CAMBIO DE BUJES SUJETADORES TORNILLOS SPROCKET,,,,,,,,,,,,,,,,,,,,,,,,,,,,,,,,,,,,,,,,,,,,,,,,,,,,,,,,,,,,,,,,,,1.5,,,,,,,,0.7,,,,,,,,,,,,,,,
CAMBIO BUJE PORTA SPROCKET,,,,,,0.5,0.5,,,,,,,,0.5,0.5,0.5,0.5,0.5,0.5,0.5,0.5,0.5,0.5,0.5,0.5,0.5,0.5,0.5,0.5,0.5,0.5,0.5,0.5,0.5,0.5,0.5,0.5,0.5,0.5,0.5,0.5,0.5,0.5,0.5,0.5,0.5,0.5,0.5,,,,0.5,0.5,0.5,0.5,0.5,,0.5,0.5,0.5,0.5,,0.5,0.5,0.4,0.5,0.5,0.5,,,,,0.5,0.5,0.5,0.5,0.5,0.5,,0.5,0.5,0.5,0.5,0.8,0.5,0.8,0.5,0.5
CAMBIO DE EMPATE DE CADENA,,,,,,0.3,0.3,,,,,,,,0.3,0.3,0.3,0.3,0.3,0.3,0.3,0.3,0.3,0.3,0.2,0.2,0.2,0.2,0.2,0.2,0.3,0.3,0.3,0.03,0.3,0.3,0.3,0.3,0.3,0.3,0.3,0.3,0.3,0.3,0.3,0.3,0.3,0.3,0.3,,,,,0.3,0.3,0.3,0.3,,0.3,0.3,0.3,0.3,,0.3,0.3,0.3,0.3,,0.3,,,,,,0.2,0.3,0.2,0.2,0.3,,0.2,0.3,0.3,0.3,,0.3,,0.3,0.3
CONJUNTO CHASIS Y SUSPENSIÓN,,,,,,,,,,,,,,,,,,,,,,,,,,,,,,,,,,,,,,,,,,,,,,,,,,,,,,,,,,,,,,,,,,,,,,,,,,,,,,,,,,,,,,,,,
CAMBIO DE CHASIS,8,8,8,8,10,8,8,8,8,8,11,8,8,8,8,8,8,8,8,8,8,8,8,8,8,9.3,9.3,9,10,10,8,8,8,8,8,8,8,8,8,8,8,8,8,8,8,8,8,8,8,15,15,12,8,8,9.0,8,8,9,10,10,10,10,12,8,8,8,8,10,8,8,8,9,10,10,9,8,8,8,10,12,8,10,10,10,11,10,12,10,10
CAMBIO CUNAS DE DIRECCIÓN,2.5,2.5,2.5,2.5,2.5,2.5,2.5,2.5,2.5,2.5,3,2.5,2.5,2.5,2.5,2.5,2.5,2.5,2.5,2.5,2.5,2.5,2.5,2.5,2.5,2.5,2.5,2.5,3,3,2.5,2.5,2.5,2.5,2.5,2.5,2.5,2.5,2.5,2.5,2.5,2.5,2.5,2.5,2.5,2.5,2.5,2.5,2.5,3,3,,2.5,3.0,2.5,2.5,2.5,2.5,2.5,2.5,2.5,2.5,2.5,2.5,2.5,2.5,2.5,2.5,2.5,2.5,2.5,2.5,3,2.5,2.5,2.5,2.5,2.5,2.5,3.5,2.5,2.5,2.5,2.5,2.5,2.5,3,2.5,2.5
AJUSTE DE CUNAS,0.7,0.7,0.6,0.6,1,0.7,0.7,0.6,0.6,0.6,1.5,0.6,0.7,0.7,0.7,0.7,0.5,0.3,0.3,0.3,0.3,0.3,0.3,0.3,0.3,0.3,0.3,0.3,0.3,0.3,0.3,0.3,0.3,0.3,0.3,0.3,0.3,0.3,0.3,0.3,0.3,0.3,0.3,0.3,0.3,0.3,0.3,0.3,0.3,1,1,,0.7,0.7,0.3,0.3,0.3,0.3,1,1,0.7,0.7,0.7,0.7,0.3,0.5,0.5,0.5,0.5,0.7,7,1,1.5,0.5,0.3,0.7,0.7,0.7,0.7,1.5,0.7,0.7,0.7,0.7,0.7,0.7,0.7,0.7,0.7
CAMBIO DE BARRAS O BOTELLAS C/U,1,1,1,1,1,1,1,1,1,1,1,1,1,1,1,1,1,1,1,1,1,1,1,1,1.2,1.2,1.2,1.2,1.5,1.5,1,1,1,1,1,1,1,1,1,1,1,1,1,1,1,1,1,1,1,,,,1,1,1,1,1,1,1,1,1,1,1,1,1,1,1,1,1,1,1.2,1,1,0.7,1.2,1,1,1,1,1.5,1,1,1,1,1,1,1,1,1
CAMBIO BUJES DE MOTOR,2,2,2,2,2,,,2,2,2,2,2,2,2,,,,,,1,1,1,1,,,,,,,,1,1,1,1,1,,,,,,,,1,1,1,1,,,,,,,,,,,,,,,,,,,,2,,,,2,2,2,2,,,,,,,2,,,,,,,,,
CAMBIO CANASTILLAS DE AGUJAS Y/O BUJES DE SUSPENSION TRASER  (C/U),,,,,,,,,,,,,,,,,,,,,,,,,,,,,,,,,,,,,,,,,,,,,,,,,,3,3,,,,2.0,2.0,2.0,2.3,,,,,,,,1,,1.5,,,,,,2.0,,,,,,,,,,,,,,,
CAMBIO HORQUILLA INFERIOR,2.5,2.5,2.5,2.5,2.5,2.5,2.5,2.5,2.5,2.5,2.5,2.5,2.5,2.5,2.5,2.5,2.5,2.5,2.5,2.5,2.5,2.5,2.5,4,2.5,2.5,2.5,2.5,3,3,4,3,2.5,2.5,2.5,2.5,2.5,2.5,2.5,2.5,2.5,2.5,2.5,2.5,2.5,2.5,2.5,2.5,2.5,3,3,,2.5,3.0,2.5,2.5,2.5,2.5,2.5,2.5,2.5,2.5,2.5,2.5,2.5,2.5,2.5,2.5,2.5,2.5,2.5,2,2.5,1.5,2.5,2.5,2.5,2.5,2.5,2.5,2.5,2.5,2.5,2.5,2.5,2.5,3,2.5,2.5
CAMBIO RETENEDOR BARRAS C/U,1,1,1,1,1.2,1,1,1,1,1,1.2,1,1,1,1,1,1,1,1,1,1,1,1,1,1,1,1,1,1.3,1.3,1,1,1,1,1,1,1,1,1,1,1,1,1,1,1,1,1,1,1,,,,1,1.2,1,1,1,1.5,1,1,1,1,1,1,1,1,1,1.5,1,1,1,1.2,1.2,1,1,1,1,1,1,1.2,1,1,1,1,1,1,1,1,1
CAMBIO AMORTIGUADOR TRASERO (C/U),0.7,0.7,0.7,0.7,0.3,0.7,1,0.7,0.7,0.7,1,0.7,0.7,0.7,1,0.7,0.7,0.3,0.3,0.3,0.3,0.3,0.5,0.7,0.5,0.5,0.5,0.5,1,1,0.3,0.3,0.3,0.3,0.3,0.3,0.3,0.3,0.3,0.3,0.3,0.3,0.3,0.3,0.3,0.3,0.3,0.3,0.3,1,1,,0.5,1,0.7,0.7,0.7,0.7,0.6,0.6,0.6,0.6,0.6,0.4,0.7,0.8,0.3,1,0.3,0.5,0.7,1,1,0.7,0.5,0.7,0.7,0.7,0.8,1,0.7,0.8,0.8,0.8,0.6,0.8,0.6,0.8,1
CAMBIO TIJERA ( BRAZO OSCILANTE ),,,,,1,1.5,1.5,,,,,,,,1.5,1.5,1.5,1.5,1.5,1.5,1.5,1.5,1.5,1.5,1.5,1.5,1.5,1.5,1.5,1.5,1.5,1.5,1.5,1.5,1.5,1.5,1.5,1.5,1.5,1.5,1.5,1.5,1.5,1.5,1.5,1.5,1.5,1.5,1.5,3,3,,1.7,1.5,2,2,2,2,1.5,1.5,1.5,1.5,2,1.7,2,1.7,1.5,1.5,1.5,,,,,1.5,1.5,1.5,1.5,1.5,1.5,,1.5,1.5,1.5,1.5,2,1.5,2.5,1.5,1.5
CAMBIO REPOSAPIÉS DELANTERO O TRASERO C/U,0.3,,,,,0.3,0.3,,,,,,,,0.3,0.3,0.3,0.2,0.2,0.2,0.2,0.2,0.2,0.2,0.2,0.2,0.2,0.2,0.2,0.2,0.2,0.3,0.3,0.3,0.3,0.3,0.3,0.21,0.2,0.2,0.2,0.3,0.3,0.3,0.3,0.3,0.3,0.3,0.3,,,,0.3,0.3,0.2,0.2,0.2,0.2,0.3,0.3,0.3,0.3,0.3,0.3,0.2,0.3,0.3,0.5,0.3,,,,,0.3,0.2,0.3,0.3,0.3,0.3,,0.3,0.3,0.3,0.3,0.3,0.3,0.3,0.3,0.3
CAMBIO  ACEITE BARRAS C/U,1.5,0.8,0.8,1,1,0.8,0.8,0.8,0.8,0.8,1,0.8,0.8,0.8,0.8,0.8,0.8,0.8,0.8,0.8,0.8,0.8,0.8,0.8,0.8,0.8,0.8,0.8,1.1,1.1,0.8,0.8,0.8,0.8,0.8,0.8,0.8,0.8,0.8,0.8,0.8,0.8,0.8,0.8,0.8,0.8,0.8,0.8,0.8,0.8,,0.8,1,1,0.8,0.8,0.8,0.9,0.8,0.8,0.8,0.8,0.8,0.8,0.8,0.8,0.8,1,0.8,0.8,0.8,1,1,0.7,0.8,0.8,0.8,0.8,0.8,1,0.8,0.8,0.8,0.8,0.8,0.8,0.8,0.8,0.8
CAMBIO  PARRILLA O SUJETADORES,0.3,0.2,0.2,0.2,0.2,0.2,0.2,0.2,0.2,0.2,0.2,0.2,0.2,0.2,0.2,0.2,0.2,0.2,0.2,0.2,0.2,0.2,0.2,0.2,0.2,0.2,0.2,0.2,0.2,,0.2,0.2,0.2,0.2,0.2,0.2,0.2,0.2,0.2,0.2,0.2,0.5,0.5,0.5,0.2,0.2,0.2,0.2,0.2,0.2,,0.2,0.2,0.2,0.5,,,,,,,,0.2,0.3,0.5,0.3,0.2,,0.2,0.2,0.2,0.2,0.23,0.5,0.2,0.2,0.2,0.2,,0.23,0.2,0.2,,0.2,0.2,0.2,0.2,0.2,0.2
CAMBIO GATO CENTRAL,0.3,0.3,0.3,0.3,0.3,0.3,0.3,0.3,0.3,0.3,0.3,0.3,0.3,0.3,0.3,0.3,0.3,0.3,0.3,0.3,0.3,0.3,0.3,0.4,0.4,0.4,0.4,0.4,,,0.3,0.3,0.3,0.3,0.3,0.3,0.3,0.3,0.3,0.3,0.3,0.3,0.3,0.3,0.3,0.3,0.3,0.3,0.3,,,,0.3,0.3,,,,,,,,,,0.5,,,0.3,,0.3,0.3,0.3,0.3,0.3,,0.4,0.3,0.3,0.3,,0.3,0.3,0.3,,,,,,,
CAMBIO GATO LATERAL,0.2,0.2,0.2,0.2,0.2,0.2,0.2,0.2,0.2,0.2,0.2,0.2,0.2,0.2,0.2,0.2,0.2,0.2,0.2,0.2,0.2,0.2,0.2,0.2,0.1,0.1,0.1,0.1,0.1,0.1,0.2,0.2,0.2,0.2,0.2,0.2,0.2,0.2,0.2,0.2,0.2,0.2,0.2,0.2,0.2,0.2,0.2,0.2,0.2,,,,0.2,0.2,0.2,0.2,0.2,0.2,0.2,0.2,0.2,0.2,0.2,0.2,0.2,0.2,0.2,0.3,0.2,0.2,0.2,0.2,0.2,0.5,0.1,0.2,0.2,0.2,0.2,0.2,0.2,0.2,0.2,0.2,0.2,0.2,0.2,0.2,0.2
CAMBIO BASE REPOSAPIE TRASERO c/u,,,,,,0.3,0.3,,,,,,,,0.3,0.3,0.3,0.5,0.5,0.5,0.5,0.5,0.5,0.5,0.5,0.5,0.5,0.5,0.5,0.5,0.5,2,0.3,0.3,0.3,0.3,0.3,0.4,0.4,0.4,0.4,0.3,0.3,0.3,0.3,0.3,0.3,0.3,0.3,,,,0.3,0.3,0.3,0.3,0.3,,0.3,0.3,0.3,,0.3,0.3,0.3,,0.3,0.1,0.3,,,,,0.3,0.5,0.3,0.3,0.3,0.3,,0.3,0.3,0.3,0.3,0.3,0.3,0.3,0.3,0.3
ENGRASADA BUJE TIJERA (C/TIJERA),,,,,,0.4,0.4,,,,,,,,0.4,0.4,0.4,0.4,0.4,0.4,0.4,0.4,0.4,0.4,0.4,0.4,0.4,0.4,0.4,0.4,0.4,0.4,0.4,0.4,0.4,0.4,0.4,0.4,0.4,0.4,0.4,0.4,0.4,0.4,0.4,0.4,0.4,0.4,0.4,3,3,,0.4,0.4,1.5,1.5,1.5,1.5,1.5,1.5,1.5,1.5,1.5,0.4,0.3,1.5,0.4,0.5,0.4,,,,,1.5,0.4,0.4,0.4,0.4,1.5,,0.4,1.5,1.5,1.5,1.5,1.5,1.5,1.5,1.5
CAMBIO TIJERA ( MOTOCARRO PASAJERO),,,,,,,,,,,,,,,,,,,,,,,,,,,,,,,,,,,,,,,,,,,,,,,,,,3,3,,,,,,,,,,,,,,,,,,,,,,,,,,,,,,,,,,,,,,
CAMBIO TIJERA ( MOTOCARRO CARGUERO),,,,,,,,,,,,,,,,,,,,,,,,,,,,,,,,,,,,,,,,,,,,,,,,,,5,5,,,,,,,,,,,,,,,,,,,,,,,,,,,,,,,,,,,,,,
CAMBIO CABINA,,,,,,,,,,,,,,,,,,,,,,,,,,,,,,,,,,,,,,,,,,,,,,,,,,3,3,,,,,,,,,,,,,,,,,,,,,,,,,,,,,,,,,,,,,,
CAMBIO PLATON (CARGUERO),,,,,,,,,,,,,,,,,,,,,,,,,,,,,,,,,,,,,,,,,,,,,,,,,,2,,,,,,,,,,,,,,,,,,,,,,,,,,,,,,,,,,,,,,,
CAMBIO BASE FAROLA,,,,,,,,,,,,,,,,,,,,,,,,,,,,,,,,,,,,,,,,,,,,,,,,,,,,,1.3,1.0,0.7,0.5,0.5,0.5,,,,,,,0.5,0.3,,0.5,,,,,,,,,,,,,,,,,,,,,
CAMBIO SILLON TRASERO,,,,,,,,,,,,,,,,,,,,,,,,,,,,,,,,,,,,,,,,,,,,,,,,,,0.5,0.5,,,,,,,,,,,,,,,,,,,,,,,,,,,,,,,,,,,,,,
CAMBIO BRAZO AUXILIAR DELANTERO,,,,,,,,,,,,,,,,,,,,,,,,,,,,,,,,,,,,,,,,,,,,,,,,,,3,3,,,,,,,,,,,,,,,,,,,,,,,,,,,,,,,,,,,,,,
CAMBIO EJE BRAZO AUXILIAR DELANTERO,,,,,,,,,,,,,,,,,,,,,,,,,,,,,,,,,,,,,,,,,,,,,,,,,,1.3,1.3,,,,,,,,,,,,,,,,,,,,,,,,,,,,,,,,,,,,,,
CAMBIO RODAMIENTOS DE AGUJA BRAZO AUXILAR DELANTERO,,,,,,,,,,,,,,,,,,,,,,,,,,,,,,,,,,,,,,,,,,,,,,,,,,1.5,1.5,,,,,,,,,,,,,,,,,,,,,,,,,,,,,,,,,,,,,,
CAMBIO AMORTIGUADOR DELANTERO,,,,,,,,,,,,,,,,,,,,,,,,,,,,,,,,,,,,,,,,,,,,,,,,,,1,1,,,,,,,,,,,,,,,,,,,,,,,,,,,,,,,,,,,,,,
CAMBIO HERRAJE CARPA,,,,,,,,,,,,,,,,,,,,,,,,,,,,,,,,,,,,,,,,,,,,,,,,,,2,2,,,,,,,,,,,,,,,,,,,,,,,,,,,,,,,,,,,,,,
CAMBIO CARPA,,,,,,,,,,,,,,,,,,,,,,,,,,,,,,,,,,,,,,,,,,,,,,,,,,2,2,,,,,,,,,,,,,,,,,,,,,,,,,,,,,,,,,,,,,,
IMPERMEABILIZADA DE PARABRISAS,,,,,,,,,,,,,,,,,,,,,,,,,,,,,,,,,,,,,,,,,,,,,,,,,,2,2,,,,,,,,,,,,,,,,,,,,,,,,,,,,,,,,,,,,,,
PRECARGA AMBAS SUSPENSIONES CON BUJE,,,1,1,1,1,1,1,,,,,1,,1,1,,1,1,1,1,1,1,1,1,1,1,1,1.3,1.3,1,1,1,1,1,1,1,1,1,1,1,1,1,1,1,1,1,1,1,,,,1,1,1,1,1,,1,1,1,1,1,,1,,1,,1,,,1,1,,1,1,1,1,1,1,1,1,1,1,1,1,1,1,1
CONJUNTO RUEDAS,,,,,,,,,,,,,,,,,,,,,,,,,,,,,,,,,,,,,,,,,,,,,,,,,,,,,,,,,,,,,,,,,,,,,,,,,,,,,,,,,,,,,,,,,
CAMBIO LLANTA DELANTERA O NEUMÁTICO,0.6,0.6,0.6,0.6,0.6,0.6,0.6,0.6,0.6,0.6,0.6,0.6,0.6,0.6,0.6,0.6,0.6,0.6,0.6,0.6,0.6,0.6,0.6,0.6,0.6,0.6,0.6,0.6,0.6,0.6,0.6,0.6,0.6,0.6,0.6,0.6,0.6,0.6,0.6,0.6,0.6,0.6,0.6,0.6,0.6,0.6,0.6,0.6,0.6,0.4,0.4,,0.6,0.6,0.6,0.6,0.6,0.6,0.6,0.6,0.6,0.6,0.6,0.6,0.6,0.6,0.6,0.8,0.6,0.6,0.6,0.6,0.6,0.7,0.6,0.6,0.6,0.6,0.6,0.6,0.6,0.6,0.6,0.6,0.6,0.6,0.6,0.6,0.6
CAMBIO LLANTA TRASERA O NEUMÁTICO (C/U),0.8,1.0,1.0,1.0,1.3,0.8,0.8,1.0,1,1,1.3,1,1.0,1.0,0.8,0.8,0.8,0.8,0.8,0.8,0.8,0.8,0.8,0.8,0.8,0.8,0.8,0.8,0.8,0.8,0.8,0.8,0.8,0.8,0.8,0.8,0.8,0.8,0.8,0.8,0.8,0.8,0.8,0.8,0.8,0.8,0.8,0.8,0.8,0.4,0.4,,0.8,0.8,0.8,0.8,0.8,0.8,0.8,0.8,0.8,0.8,0.8,0.8,0.8,0.8,0.8,0.6,0.8,1,1,1.3,1.3,0.7,0.8,0.8,0.8,0.8,0.8,1.5,0.8,0.8,0.8,0.8,0.8,0.8,0.8,0.8,0.8
CAMBIO PIÑÓN O SENSOR VELOCÍMETRO ,0.4,0.4,0.4,0.4,0.4,0.3,0.3,0.4,0.4,0.4,0.4,0.4,0.4,0.4,0.3,0.3,0.3,0.3,0.3,0.3,0.3,0.3,0.3,0.3,0.3,0.3,0.3,0.3,0.3,0.3,0.3,0.3,0.3,0.3,0.3,0.3,0.3,0.3,0.3,0.3,0.3,0.3,0.3,0.3,0.3,0.3,0.3,0.3,0.3,0.4,0.4,,0.4,0.3,,,,0.3,0.3,0.3,0.3,0.3,0.5,0.4,,0.4,0.3,0.6,0.3,0.4,0.4,0.4,0.4,0.4,0.3,0.3,0.3,0.3,0.3,0.4,0.3,0.3,0.3,0.3,0.5,0.3,0.5,0.3,0.3
CAMBIO CAJA DE PIÑONES DE VELOCIMETRO,0.3,0.3,0.3,0.3,0.3,0.3,0.3,0.3,0.3,0.3,,0.3,0.3,0.3,0.3,0.3,0.3,0.3,0.3,0.3,0.3,0.3,0.3,0.3,0.3,0.3,0.3,0.3,,0.3,0.3,0.3,0.3,0.3,0.3,0.3,0.3,0.3,0.3,0.3,0.3,0.3,0.3,0.3,0.3,0.3,0.3,0.3,0.3,0.5,0.5,,0.5,0.3,0.3,0.3,0.3,,0.3,,,,,0.5,0.3,0.3,0.3,0.6,0.3,0.3,0.3,0.3,0.3,,0.3,0.3,0.3,0.3,,0.3,0.3,,,,,,,,
CAMBIO RODAMIENTO RUEDA TRASERA,,,,,,0.7,0.7,,,,,,,,0.7,0.7,0.7,0.7,0.7,0.7,0.7,0.7,0.7,0.7,0.7,0.7,0.7,0.7,0.7,0.7,0.7,0.7,0.7,0.7,0.7,0.7,0.7,0.7,0.7,0.7,0.7,0.7,0.7,0.7,0.7,0.7,0.7,0.7,0.7,0.7,0.7,0.7,0.6,0.7,0.7,0.7,0.7,0.7,0.7,0.7,0.7,0.7,0.7,0.7,0.7,0.7,0.7,0.5,0.7,,,,,0.7,0.7,0.7,0.7,0.7,0.7,,0.7,0.7,0.7,0.7,0.7,0.7,0.7,0.7,0.7
CAMBIO RODAMIENTO PORTA SPROCKET,,,,,,0.5,0.5,,,,,,,,0.5,0.5,0.5,0.5,0.5,0.5,0.5,0.5,0.5,0.5,0.5,0.5,0.5,0.5,0.5,0.5,0.5,0.5,0.5,0.5,0.5,0.5,0.5,0.5,0.5,0.5,0.5,0.5,0.5,0.5,0.5,0.5,0.5,0.5,0.5,0.5,,0.5,0.4,0.5,,,,,0.5,0.5,0.5,0.5,0.5,0.4,,,0.5,0.5,0.5,,,,,0.7,0.5,0.5,0.5,0.5,0.5,,0.5,0.5,0.5,0.5,0.5,0.5,0.5,0.5,0.5
CAMBIO RODAMIENTO RUEDA DELANTERA,0.5,0.5,0.5,0.5,0.5,0.5,0.5,0.5,0.5,0.5,1.0,0.5,0.5,0.5,0.5,0.5,0.5,0.5,0.5,0.5,0.5,0.5,0.5,0.5,0.5,0.5,0.5,0.5,0.5,0.5,0.5,0.5,0.5,0.5,0.5,0.5,0.5,0.5,0.5,0.5,0.5,0.5,0.5,0.5,0.5,0.5,0.5,0.5,0.5,1.7,1.7,,0.5,0.5,0.5,0.5,0.5,0.5,0.5,0.5,0.5,0.5,0.5,0.5,0.5,0.5,0.5,0.8,0.5,0.5,0.5,0´5,0.5,0.7,0.5,0.5,0.5,0.5,0.5,0.5,0.5,0.5,0.5,0.5,0.5,0.5,0.5,0.5,0.5
CAMBIO EJE DELANTERO,0.2,0.2,0.2,0.2,0.2,0.2,0.2,0.2,0.2,0.2,0.5,0.2,0.2,0.2,0.2,0.2,0.2,0.2,0.2,0.2,0.2,0.2,0.2,0.2,0.2,0.2,0.2,0.2,0.2,0.2,0.2,0.2,0.2,0.2,0.2,0.2,0.2,0.2,0.2,0.2,0.2,0.2,0.2,0.2,0.2,0.2,0.2,0.2,0.2,1,1,,0.2,0.2,0.2,0.2,0.2,0.2,0.2,0.2,0.2,0.2,0.2,0.2,0.2,0.2,0.2,0.1,0.2,0.2,0.2,0.2,0.2,0.2,0.2,0.2,0.2,0.2,0.2,0.2,0.2,0.2,0.2,0.2,0.2,0.2,0.2,0.2,0.2
CAMBIO EJE TRASERO,2,2,2,2,2.5,0.2,0.2,2,2,2,2.5,2,2,2,0.2,0.2,0.2,0.2,0.2,0.2,0.2,0.2,0.2,0.2,0.2,0.2,0.2,0.2,0.2,0.2,0.2,0.2,0.2,0.2,0.2,0.2,0.2,0.2,0.2,0.2,0.2,0.2,0.2,0.2,0.2,0.2,0.2,0.2,0.2,0.2,0.2,0.2,,0.2,0.2,0.2,0.2,0.2,0.2,0.2,0.2,0.2,0.2,0.2,0.2,0.2,0.2,0.1,0.2,2,,,2.5,0.2,0.2,0.2,0.2,0.2,0.2,2.5,0.2,0.2,0.2,0.2,0.2,0.2,0.2,0.2,0.2
CAMBIO RIN DELANTERO,1.0,1.0,1.0,1.0,1.0,0.6,0.6,1.0,1,1,1.0,1,1.0,1.0,0.6,0.6,0.6,1.0,1.0,1.0,1.0,1.0,1.0,1,1,1,1,1,1,1,1.0,1,1.0,1.0,1.0,0.6,0.6,1,1,1,1,0.6,0.6,0.6,1.0,1.0,1.0,1,1,0.6,0.6,0.6,,0.6,0.6,0.6,0.6,0.6,1.0,1,1.0,1,1.0,,0.6,,0.6,1,0.6,1,1,1,1,1.5,1,0.6,0.6,0.6,1,1,0.6,1,1,1,1.0,1,1.0,1,1
CAMBIO DE RIN TRASERO,2.5,1.5,1.5,1.5,1.5,0.8,0.8,1.5,1.5,1.5,1.5,1.5,1.5,1.5,1.3,0.8,0.8,1.3,1.3,1.3,1.3,1.3,1.3,1.3,1.3,1.3,1.3,1.3,1.3,1.3,1.3,1.3,1.3,1.3,1.3,0.8,0.8,1.3,1.3,1.3,1.3,0.8,0.8,0.8,1.3,1.3,1.3,1.3,1.3,1,1,,2.5,0.8,0.8,0.8,0.8,0.8,0.7,0.7,0.7,1,1.5,0.8,0.8,2.5,0.8,1,0.8,1.6,1,1.5,1.5,1.5,1.3,0.8,0.8,0.8,1.2,1.5,0.8,1.2,1.2,1.2,1.5,1.2,1.5,1.2,1.5
ACODALADA DE RIN DELANTERO O TRASERO,1.5,1.5,1.5,1.5,1.5,1.5,1.5,1.5,1.5,1.5,1.5,1.5,1.5,1.5,1.5,1.5,1.5,1.5,1.5,1.5,1.5,1,1,1.5,1,1,1,,,,1.5,1.5,1.5,1.5,1.5,1.5,1.5,1.5,1.5,1.5,1.5,1.5,1.5,1.5,1.5,1.5,1.5,1.5,1.5,0.6,0.6,0.6,1.5,1.5,1.5,1.5,1.5,1.5,,,,,,1.5,1.5,1.5,1.5,0.6,1.5,1.5,1.5,1.5,1.5,,,1.5,,,,,,,,,,,,,
CAMBIO CAMPANA DELANTERA O TRASERA,,,,,,0.6,0.6,,,,,,,,,,0.6,,,,,,,,,,,,,,,0.8,,,,0.6,0.6,,,,,0.6,,,,,,,,0.5,0.5,,2.5,0.6,0.6,0.6,0.6,0.6,,,,,,0.6,0.6,2.5,0.6,0.6,0.6,,,,,,,0.6,,,,,,,,,,,,,
SISTEMA DE FRENOS,,,,,,,,,,,,,,,,,,,,,,,,,,,,,,,,,,,,,,,,,,,,,,,,,,,,,,,,,,,,,,,,,,,,,,,,,,,,,,,,,,,,,,,,,
CAMBIO PEDAL FRENO TRASERO,,,,,,1,1,,,,,,,,1,1,1,0.5,0.5,0.2,0.5,0.5,0.5,0.5,0.5,0.5,0.5,0.5,0.5,0.5,1,1,0.8,0.08,0.5,0.8,0.8,0.8,0.3,0.3,0.3,0.8,0.8,0.8,0.8,0.8,0.8,0.8,0.8,0.3,0.3,,1,1,0.3,0.3,0.3,0.3,0.5,0.5,0.5,0.5,0.5,1,0.3,0.5,0.8,0.6,0.8,,,,,0.5,0.5,1,1,1,0.5,,1,0.5,0.5,0.5,0.5,0.5,0.5,0.5,0.5
CAMBIO DE MANGUERA DE FRENO DELANTERO,1.5,1.5,1.5,1.5,2,1.5,1.5,1.5,1.5,1.5,2,1.5,1.5,1.5,1.5,1.5,1.5,1.5,1.5,1.5,1.5,1.5,1.5,1.5,1.5,1.5,1.5,1.5,2,2,1.5,1.5,1,,1.5,,,,1.5,,1.5,,,,,,,,,1,1,,,1.5,1.5,1.5,1.5,1.5,1.5,1.5,1.5,1.5,2,,1.5,,0.5,0.6,0.5,1.5,1.5,2,2,1,1.5,1.5,1.5,1.5,1.5,2,1.5,1.5,1.5,1.5,2,1.5,2,1.5,1.5
CAMBIO BANDAS O PASTILLAS DE FRENO DELANTERAS,0.5,0.5,0.5,0.5,0.5,0.5,0.5,0.5,0.5,0.5,0.5,0.5,0.5,0.5,0.5,0.5,0.5,0.5,0.5,0.5,0.5,0.5,0.5,0.5,0.5,0.5,0.5,0.5,0.5,0.5,0.5,0.5,0.5,0.5,0.5,0.5,0.5,0.5,0.5,0.5,0.5,0.5,0.5,0.5,0.5,0.5,0.5,0.5,0.5,1,1,,0.5,0.5,0.5,0.5,0.5,0.5,0.5,0.5,0.5,0.5,1.0,0.5,0.5,0.5,0.5,0.5,0.5,0.5,0.5,0.5,0.5,0.5,0.5,0.5,0.5,0.5,0.5,0.5,0.5,0.5,0.5,0.5,1.0,0.5,1.0,0.5,0.5
CAMBIO BANDAS O PASTILLAS DE FRENO TRASERAS,1.0,1.0,1.0,0.5,0.5,0.5,0.5,1.0,1,1,0.5,1,1.0,1.0,0.5,0.5,0.5,0.5,0.5,0.5,0.5,0.5,0.5,0.5,0.5,0.5,0.5,0.5,0.5,0.5,0.5,0.5,0.5,0.5,0.5,0.5,0.5,0.5,0.5,0.5,0.5,0.5,0.5,0.5,0.5,0.5,0.5,0.5,0.5,1,1,,0.5,0.5,0.5,0.5,0.5,0.5,0.5,0.5,0.5,0.5,0.5,0.5,0.5,0.5,0.5,0.5,0.5,1,1.5,0.5,1,0.5,0.5,0.5,0.5,0.5,0.5,0.5,0.5,0.5,0.5,0.5,0.5,0.5,0.5,0.5,0.5
CAMBIO DE DISCO DELANTERO,0.6,0.6,0.6,0.6,0.6,0.6,0.6,0.6,0.6,0.6,0.6,0.6,0.6,0.6,0.6,0.6,0.6,0.6,0.6,0.6,0.6,0.6,0.6,0.6,0.6,0.6,0.6,0.6,0.6,0.6,0.6,0.6,0.6,,0.6,,,,0.6,,0.6,,,,,,,,,,,,0.6,0.6,0.6,0.6,0.6,0.6,0.6,0.6,0.6,0.6,1.2,,0.6,0.6,0.5,0.8,0.5,0.6,0.6,0.6,0.6,0.7,0.6,0.6,0.6,0.6,0.6,0.6,0.6,0.6,0.6,0.6,1.2,0.6,1.2,0.6,0.6
CAMBIO DE DISCO TRASERO,,,,0.5,1.3,,0.8,|,,,1.3,,,,0.8,,,,,,,,,0.8,,,0.8,0.8,0.8,0.8,0.8,,,,,,,,,,,,,,,,,,,,,,,,0.8,0.8,0.8,0.8,0.8,0.8,0.8,0.8,0.8,,0.8,,,0.6,,,1.3,1.3,1.3,0.7,0.8,,,,0.9,2,,0.9,0.9,0.9,0.8,0.9,0.8,0.9,0.8
CAMBIO PORTABANDAS DELANTERO,,,,0.6,,,,,,,,,,,,,,,,,,,,,,,,,,,,,0.6,0.6,0.6,0.6,0.6,0.6,,0.6,,0.6,0.6,0.6,0.6,0.6,0.6,0.6,0.6,1.5,1.5,,0.5,,,,,,,,,,,0.5,,,,,,,,,,,,,,,,,,,,,,,,,
CAMBIO DE PORTABANDAS TRASERO ,0.8,1.5,1.5,,,0.6,0.6,1.5,1.5,1.5,,1.5,1.5,1.5,,0.6,0.6,0.6,0.6,0.6,0.6,0.6,0.6,,0.6,0.6,,,,,,0.7,0.6,0.6,0.6,0.6,0.6,0.6,0.6,0.6,0.6,0.6,0.6,0.6,0.6,0.6,0.6,0.6,0.6,1.5,1.5,,0.7,0.6,,,,,,,,,,0.7,,0.7,0.6,,0.6,1.5,,,,,,0.6,0.6,0.6,,,0.6,,,,,,,,
CAMBIO DE TUBERIA DE FRENO TRASERO,,,,,,,,,,,,,,,,,,,,,,,,,,,,,,,,,,,,,,,,,,,,,,,,,,2.5,2.5,,,,,,,,,,,,,,,,,,,,,,,,,,,,,,,,,,,,,,
CAMBIO DE MANGUERA DE FRENO TRASERO,,,,2.0,2.0,,1.5,,,,,,,,1.5,,,,,,,,,1.5,,,1.5,1.5,1.5,1.5,1.5,,,,,,,,,,,,,,,,,,,,,,,,1.5,1.5,1.5,1.5,1.5,1.5,1.5,1.5,1.5,,1.5,,,0.6,,,1,2.5,2.5,1,1.5,,,,1.5,2.5,,1.5,1.5,1.5,1.5,1.5,1.5,1.5,1.5
CAMBIO O REPARACIÓN BOMBA DE FRENO C/U,1.5,1.5,1.5,1.5,1.5,1.5,1.5,1.5,1.5,1.5,1.5,1.5,1.5,1.5,1.5,1.5,1.5,1.5,1.5,1.5,1.5,1.5,1.5,1.5,1.5,1.5,1.5,1.5,1.5,1.5,1.5,1.5,1.5,,,,,,1.5,,1.5,,,,,,,,,2.5,2.5,,1.5,1.5,1.5,1.5,1.5,1.5,1.5,1.5,1.5,1.5,1.5,,1.5,1.5,,0.6,,1.5,1.5,1.5,1.5,0.5,1.5,1.5,1.5,1.5,1.5,1.5,1.5,1.5,1.5,1.5,1.5,1.5,1.5,1.5,1.5
CAMBIO O REPARACIÓN BOMBA DE FRENO C/U,1.5,1.5,1.5,1.5,1.5,1.5,1.5,1.5,1.5,1.5,1.5,1.5,1.5,1.5,1.5,1.5,1.5,1.5,1.5,1.5,1.5,1.5,1.5,1.5,1.5,1.5,1.5,1.5,1.5,1.5,1.5,1.5,1.5,,,,,,1.5,,1.5,,,,,,,,,1,1,,1.5,1.5,1.5,1.5,1.5,1.5,1.5,1.5,1.5,1.5,1.5,,1.5,1.5,0.5,0.6,0.5,1.5,1.5,1.5,1.5,1,1.5,1.5,1.5,1.5,1.5,1.5,1.5,1.5,1.5,1.5,1.5,1.5,1.5,1.5,1.5
MANTENIMIENTO CALIPER,,,0.3,,,,,0.3,0.3,0.3,1.5,0.3,0.3,0.3,,0.7,,0.7,0.7,0.7,0.7,0.7,0.7,0.7,0.6,0.6,0.6,0.6,0.6,0.6,0.7,0.7,,,,,,,0.7,,0.7,,,,,,,,,,,,,,,,,0.6,,0.6,0.6,0.6,,,0.5,,0.5,1,0.5,0.3,0.3,1,1.5,0.7,0.6,,1.0,1.0,0.6,1.5,1.0,0.6,0.6,0.6,0.6,0.6,0.6,0.6,0.6
CONJUNTO MANUBRIO,,,,,,,,,,,,,,,,,,,,,,,,,,,,,,,,,,,,,,,,,,,,,,,,,,,,,,,,,,,,,,,,,,,,,,,,,,,,,,,,,,,,,,,,,
CAMBIO LEVAS FRENO Y/O CLUTCH,0.5,0.5,0.5,0.5,1.0,0.7,0.7,0.5,0.5,0.5,1,0.5,0.5,0.5,0.7,0.7,0.4,0.3,0.3,0.3,0.3,0.3,0.3,0.3,0.3,0.3,0.3,0.3,0.3,0.3,0.3,0.3,0.3,0.3,0.3,0.3,0.3,0.3,0.3,0.3,0.3,0.3,0.3,0.3,0.3,0.3,0.3,0.3,0.3,0.5,0.5,,1.5,0.7,0.5,0.3,0.3,0.3,0.3,0.3,0.3,0.3,0.3,1.5,0.3,0.5,0.3,0.2,0.3,0.5,0.5,1,1,0.3,0.3,0.4,0.7,0.7,0.3,1,0.7,0.3,0.3,0.3,0.3,0.3,0.3,0.3,0.3
CAMBIO MANUBRIO/CADA UNO,1.5,1.5,1.5,1.5,2,1.5,1.5,1.5,1.5,1.5,2,1.5,1.5,1.5,1.5,1.5,1,0.6,0.6,1,0.6,0.6,0.6,0.6,0.6,0.6,0.6,0.6,0.6,0.6,0.6,1,1,1,1,1,1,1,1,1,1,1,1,1,1,1,1,1,1,1.5,1.5,,1.5,1.5,1,1,1,1,1,1,1,1,1,1.5,1,1,1,0.5,1,1.5,1.5,2,2,0.7,0.6,1,1.5,1.5,1,2,1.5,1,1,1,1,1,1,1,1
CAMBIO SOPORTE LEVAS C/U,0.5,0.5,0.5,0.5,0.5,0.5,,0.5,0.5,0.5,0.5,0.5,0.5,0.5,0.5,0.5,0.5,1,1,0.5,1,1,0.5,0.5,0.5,0.5,0.5,0.5,0.5,0.5,0.5,0.5,0.5,0.5,0.5,0.5,0.5,0.5,0.5,0.5,0.5,0.5,0.5,0.5,0.5,0.5,0.5,0.5,0.5,0.4,0.4,,0.8,0.5,0.5,0.5,0.5,0.5,0.5,0.5,0.5,0.5,0.5,0.8,0.5,0.4,0.5,0.4,0.5,0.5,0.5,0.5,0.5,0.5,0.5,0.5,0.5,0.5,0.5,0.5,0.5,0.5,0.5,0.5,0.5,0.5,0.5,0.5,0.5
CAMBIO ABRAZADERAS DE  MANUBRIO,,,,,,,,,,,,,,,,,0.3,0.5,0.5,0.3,0.5,0.5,0.5,0.5,0.5,0.5,0.5,0.5,0.5,0.5,0.3,0.3,0.3,0.3,0.3,0.3,0.3,0.3,0.3,0.3,0.3,0.3,0.3,0.3,0.3,0.3,0.3,0.3,0.3,,,,,,0.3,0.3,0.3,0.3,0.3,0.3,0.3,0.3,0.3,,0.3,0.3,0.3,0.1,0.3,,,,,0.3,0.5,0.3,,,0.3,,,0.3,0.3,0.3,0.3,0.3,0.3,0.3,0.3
CAMBIO DE BASE DE MANUBRIO,,,,,,,,,,,,,,,,,1,0.3,0.3,1,0.3,0.3,1,1,1,1,1,1,1,1,1,1,1,1,1,1,1,1,1,1,1,1,1,1,1,1,1,1,1,,,,,,1,1,1,,1,1,1,1,1,,1,1,1,0.6,1,,,,,0.5,1,,,,1,,,1,1,1,0.8,1,0.8,1,1
CAMBIO ESPEJOS C/U,0.1,0.1,0.1,0.1,0.1,0.1,0.1,0.1,0.1,0.1,0.1,0.1,0.1,0.1,0.1,0.1,0.1,0.1,0.1,0.1,0.1,0.1,0.1,0.1,0.1,0.1,0.1,0.1,0.1,0.1,0.1,0.1,0.1,0.1,0.1,0.1,0.1,0.1,0.1,0.1,0.1,0.1,0.1,0.1,0.1,0.1,0.1,0.1,0.1,0.1,0.1,0.1,0.1,0.1,0.1,0.1,0.1,0.1,0.1,0.1,0.1,0.1,0.1,0.1,0.1,0.1,0.1,0.1,0.1,0.1,0.1,0.1,0.1,0.1,0.1,0.1,0.1,0.1,0.5,0.3,0.1,0.1,0.1,0.1,0.1,0.1,0.1,0.1,0.1
SISTEMA COMBUSTIBLE,,,,,,,,,,,,,,,,,,,,,,,,,,,,,,,,,,,,,,,,,,,,,,,,,,,,,,,,,,,,,,,,,,,,,,,,,,,,,,,,,,,,,,,,,
CAMBIO GRIFO DE GASOLINA,1,1.3,1.3,1.3,,1.2,1.2,1.3,1,1,1.2,1.3,1.3,1.3,1.2,1.2,1.2,0.8,0.8,0.8,0.8,0.8,0.8,0.8,0.8,1.1,1.1,0.8,,,0.8,0.8,0.8,0.8,0.8,0.8,0.8,0.8,0.8,0.8,0.8,0.8,0.8,0.8,0.8,0.8,0.8,0.8,0.8,1,1,,1,1.2,0.8,0.8,0.8,,,,,,,1,0.8,0.8,1,,1,1,1.3,,1.2,,0.8,1.2,1.2,1.2,,,1.2,,,,,,,,
CAMBIO Y/O REPARACIÓN DE TANQUE COMBUSTIBLE,1.5,1.5,1.5,1.5,2.5,1.5,1.5,1.5,1.5,1.5,2.5,1.5,1.5,1.5,1.5,1.5,1.5,1,1,1,1,1,1.2,1.2,1.2,1.5,1.5,1.2,1.5,1.7,1,1,1,1,1,1,1,1,1,1,1,1,1,1,1,1,1,1,1,0.5,0.5,,1.5,1.5,1,1,1,1,1.5,1.5,1.3,1.3,1.3,1.5,1,1,1,0.3,1,1.5,1.5,1,2.5,1,1.2,1.5,1.0,1.0,1.3,5,1.0,1.3,1.3,1.3,1.3,1.3,1.3,1.3,1.3
CAMBIO Y/O REVISIÓN DE SENSOR DE NIVEL DE GASOLINA DEL TANQUE,0.5,0.5,0.5,0.5,2.0,0.5,0.5,0.5,0.5,0.5,2,0.5,0.5,0.5,0.5,0.5,0.5,1,1,1,1,1,1.2,1.2,1.2,1.5,1.5,1.2,1.5,1.7,1,1,1,1,1,,,1,1,1,1,1,1,1,1,1,1,1,1,,,,0.8,1.0,,,,1.5,1.5,1.5,1.3,1.3,1.3,0.8,1,,1.3,1,1.3,0.5,0.5,1,2,0.7,1.2,0.5,0.5,0.5,1.3,2,0.5,1.3,1.3,1.3,1.3,1.3,1.3,1.3,1.3
CAMBIO TAPA GASOLINA,0.1,0.1,0.1,0.1,1.0,0.1,0.1,0.1,0.1,0.1,0.2,0.1,0.1,0.1,0.1,0.1,0.1,0.3,0.3,0.3,0.3,0.3,0.3,0.3,0.3,0.3,0.3,0.3,0.5,0.8,0.3,0.3,0.3,0.3,0.3,0.3,0.3,0.3,0.3,0.3,0.3,0.3,0.3,0.3,0.3,0.3,0.3,0.3,0.3,0.1,0.1,,0.3,0.1,0.3,0.3,0.3,0.3,0.3,0.3,0.3,0.3,0.3,0.3,0.3,0.3,0.3,0.5,0.3,0.1,0.1,0.2,0.2,0.3,0.3,0.1,0.1,0.1,0.3,0.2,0.1,0.3,0.3,0.3,0.3,0.3,0.3,0.3,0.3
CAMBIO Y/O REPARACION DE BOMBA DE GASOLINA,,,,,1,,0.8,,,,,,,,,,,,,,,,,,,,,,1.5,1.7,,,,,,,,,,,,,,,,,,,,,,,,,,,,1.3,,1.3,1.3,1.3,1.3,,,,,1,,,,1.5,,0.8,,,,,1.3,2,,1.3,1.3,1.3,1.3,1.3,1.3,1.3,1.3
CAMBIO DE CONDUCTOS DE GASOLINA,0.5,0.5,0.5,0.5,0.6,0.5,0.5,0.5,0.5,0.5,1,0.5,0.5,0.5,0.5,0.5,0.5,0.1,0.1,0.1,0.1,0.1,0.2,0.1,0.2,0.5,0.5,0.2,0.5,0.7,0.1,0.1,0.1,0.1,0.1,0.1,0.1,0.1,0.1,0.1,0.1,0.1,0.1,0.1,0.1,0.1,0.1,0.1,0.1,0.2,0.2,,0.6,0.5,0.1,0.1,0.1,0.5,0.5,0.5,0.5,0.5,0.5,0.6,0.1,0.1,0.3,0.3,0.3,0.5,0.5,1.1,1,0.5,0.2,0.5,0.5,0.5,0.5,1,0.5,0.5,0.5,0.5,0.5,0.5,0.5,0.5,0.5
CUBIERTAS Y ACCESORIOS,,,,,,,,,,,,,,,,,,,,,,,,,,,,,,,,,,,,,,,,,,,,,,,,,,,,,,,,,,,,,,,,,,,,,,,,,,,,,,,,,,,,,,,,,
CAMBIO CARENAJE MANUBRIO FRONTAL ,0.3,0.3,0.3,0.3,0.3,0.3,0.3,0.3,0.5,0.5,0.5,0.3,0.3,0.3,0.3,0.3,,,,,,,,,,,,,,,,,,,,,,,,,,,,,,,,,,,,,0.5,0.3,,,,,,,,,,0.5,,,,,,0.5,0.5,0.5,0.5,,,0.3,0.5,0.3,,0.5,0.3,,,,,,,,
CAMBIO CARENAJE MANUBRIO POSTERIOR,0.6,0.6,0.6,0.6,0.3,0.6,0.6,0.6,0.6,0.6,0.6,0.6,0.6,0.6,0.6,0.6,,,,,,,,,,,,,,,,,,,,,,,,,,,,,,,,,,,,,1,0.6,,,,,,,,,,1,,,,,,0.6,0.6,0.7,0.6,,,0.6,0.6,0.6,,0.6,0.6,,,,,,,,
CAMBIO CUBIERTA DE MOTOR,0.5,0.5,0.5,0.5,,,,0.5,0.5,0.5,,0.5,0.5,0.5,,,,,,,,,0.1,,,,,,0.1,,,,,,,,,,,,,,,,,,,,,0.5,0.5,,,,,,,,,,,,,,,,,,,0.5,0.5,1,?,,,,,,,,,,,,,,,,
CAMBIO DE SILLIN,0.2,0.2,0.2,0.2,0.2,0.2,0.2,0.2,0.2,0.2,0.2,0.2,0.2,0.2,0.2,0.2,0.2,0.1,0.1,0.1,0.1,0.1,0.1,0.1,0.1,0.1,0.1,0.1,0.1,0.1,0.1,0.3,0.1,0.1,0.1,0.2,0.2,0.1,0.1,0.1,0.1,0.2,0.2,0.2,0.1,0.1,0.2,0.1,0.1,0.2,0.2,,0.2,0.2,0.1,0.2,0.2,0.2,0.1,0.1,0.1,0.1,0.1,0.3,0.2,0.3,0.2,0.1,0.2,0.2,0.2,0.2,0.2,0.1,0.1,0.2,0.2,0.2,0.1,0.2,0.2,0.1,0.1,0.1,0.1,0.1,0.1,0.1,0.1
CAMBIO TABLERO DE INSTRUMENTOS ( COMPLETO),1,1,1,1,1.3,1,1,1,0.5,0.5,1,1,1,1,1,1,1,1,1,1,1,1,1,1,1,1,1,1,0.5,1.5,1,1.2,1,1,1,1,1,0.8,1,1,1,0.6,0.6,0.6,1,1,0.6,1,1,0.3,0.3,,1,1,1,0.6,0.6,0.6,1.5,1.5,0.7,0.7,0.6,0.7,0.5,0.6,1,0.6,1,0.5,0.5,0.5,1,0.5,1,1,0.5,1,1,1,1,0.7,0.7,0.7,0.6,0.7,0.6,0.7,0.7
CAMBIO PARTES INTERNAS DEL TABLERO DE INSTRUMENTOS,1.3,1.3,1.3,1.3,,1.3,1.3,1.3,1.0,1.0,1.5,,1.3,1.3,1.3,1.3,1.3,,,,,,,,,,,,,,,1.2,,1.3,1.3,1.3,1.3,1,1.3,1.3,1.3,1,1,1,1.3,1.3,1.3,1.3,1.3,,,,1.3,1.3,1.3,1,1,,1.5,1.5,1,1,,1.2,1,,1.3,,1.3,1.0,1,1,1.5,,,1.3,1.0,1.3,1,1.5,1.3,1,1,1,,1,,1,
CAMBIO CARENAJES FRONTAL INTERNO LH Y RH,0.6,1,1,1,1.3,0.5,0.5,1,1,1,1.3,1.2,1,1,0.5,0.5,0.5,,,,,,,,,,,,0.1,,,,,,,,,,,,,,,,,1.3,,,,,,,,0.5,,,,,0.1,0.1,0.1,,,,,,,,,1,,1.3,1.3,,,0.5,0.5,0.5,,1.3,0.5,0.1,0.1,0.1,,0.1,,0.1,0.1
CAMBIO CARENAJE CENTRAL FRONTAL,,0.3,0.3,0.3,0.4,0.4,0.4,0.3,0.5,0.5,0.4,0.3,0.3,0.3,0.4,0.4,0.4,,,,,,,,,,,,0.2,0.5,2,,,,,,,,,,,,,,,,,,,,,,0.4,0.5,,,,,,,,,,0.4,,,,,,0.5,,0.4,0.4,,,0.4,0.4,0.4,,0.4,0.4,,,,,,,,
CAMBIO CARENAJE CENTRAL POSTERIOR,,0.5,0.5,0.5,0.5,0.4,0.4,0.5,0.5,0.5,0.5,0.5,0.5,0.5,0.4,0.4,0.4,,,,,,,,,,,,,,,,,,,,,,,,,,,,,,,,,,,,0.4,0.4,,,,,,,,,,0.4,,,,,,0.5,,0.5,0.5,,,0.4,0.4,0.4,,0.5,0.4,,,,,,,,
CAMBIO CARENAJE LATERAL CENTRAL LH Y RH,,,,,1.5,0.3,0.3,,,,1.5,,,,0.3,0.3,0.4,,,,,,,,,,,,,,,,,,,,,,,,,,,,,,,,,,,,0.4,0.4,,,,,,,,,,0.4,,,,,,0.5,,0.5,0.5,,,0.4,0.4,0.4,,0.5,0.4,,,,,,,,
CAMBIO CARENAJE LATERAL TRASERO LH Y RH,0.6,0.8,1,1,1,0.6,0.6,1,1,1,1,1.5,1,1,0.6,0.6,0.6,,,,,,,,,,,,,,,,,,,,,,,,,,,,,,,,,,,,0.6,0.6,,,,,,,,,,0.6,,,,,,1,1,1,1,,,0.6,0.6,0.6,,1,0.6,,,,,,,,
CAMBIO CARENAJE TRASERO CENTRAL,0.3,,,,,0.3,0.3,,,,,,,,0.3,0.3,0.3,,,,,,,,,,,,,,,,,,,,,,,,,,,,,,0.3,,,,,,0.3,0.3,,,,,,,,,,,,,,,,,,,,,,0.3,0.1,0.3,,,0.3,,,,,,,,
CAMBIO GUARDAFANGO LLANTA TRASERA PARTE DELANTERA,,,,,,1,1,,,,,,,,1,1,1,0.5,0.5,1,1,1,0.5,0.5,0.5,0.5,0.5,0.5,0.5,0.5,1,1.5,1,1,1,1,1,,0.5,0.5,0.5,1,1,1,1,1,1,,,,,,0.8,1,,,,,1.5,1.5,1.5,0.8,,0.8,,1,,0.7,,,,0.5,0.5,0.2,0.5,1,1,1,0.8,0.5,1,0.8,0.8,0.8,1,0.8,1,0.8,0.8
CAMBIO GUARDAFANGO TRASERO,,,,,,,,,,,,,,,,,,0.5,0.5,,0.5,0.5,0.3,0.5,0.3,,,0.3,0.3,0.3,,,,,,,,0.5,0.5,,0.5,,,,,,,,,0.5,0.5,,,,0.7,0.3,0.3,0.5,,,,,,,,0.4,1,0.5,1,,,,,0.6,0.3,,,,,,,,,,,,,,
CAMBIO GUARDAFANGO TRASERO PORTA PLACA,0.5,0.3,0.3,0.3,0.8,0.7,0.7,0.3,0.5,0.5,0.7,1.5,0.3,0.3,0.7,0.7,0.7,0.7,0.7,0.7,0.7,0.7,0.7,,,0.7,0.7,,,,0.7,1.5,0.7,0.7,0.7,0.7,0.7,0.7,0.7,0.7,0.7,,,,0.7,0.7,0.7,0.7,0.7,,,,0.5,0.8,0.7,0.7,0.7,0.7,0.7,0.7,0.7,0.7,0.5,0.5,1,0.7,0.7,0.5,0.7,0.5,0.5,0.7,0.7,0.6,,0.7,0.7,0.7,0.7,0.7,0.7,0.7,0.7,0.7,0.5,0.7,0.5,0.7,0.8
CAMBIO  GUARDAFANGO INTERNO,0.2,0.2,0.2,0.2,0.2,,,0.2,0.2,0.2,0.2,0.2,0.2,0.2,,,,,,0.2,0.2,0.2,0.2,0.2,,,,,,,0.2,,0.2,0.2,0.2,,,,,,,,,,0.2,0.2,,,,,,,,,0.5,0.7,0.7,0.7,,0.3,0.3,0.3,,,,,,0.1,,0.2,0.2,0.5,0.2,0.6,,,,,0.3,0.2,,0.3,0.3,0.3,1,0.3,1,0.3,0.3
CAMBIO ENFOCADORES TANQUE LH Y RH C/U,,,,,,,,,,,,,,,,,,0.3,0.3,,0.1,0.1,0.5,0.5,0.5,0.7,0.7,0.5,,,0.1,,0.2,0.2,,,,,,,,,,,0.2,0.2,,,,,,,,,0.2,0.4,0.4,0.4,,,,,,,0.4,0.8,,,,,,,,,0.5,,,,0.5,,,,,,,,,,
CAMBIO PROTECTOR MOTOR,,,,,,,,,,,,,,,,,,,,,,,,,,,,,0.2,,,,,,,,,,,,,,,,,,,,,,,,,,,,,,,,,,,,0.2,,,,,,,,,,,,,,,,,,,,,,,,
CAMBIO TAPA INFERIOR TANQUE LH Y RH,,,,,,,,,,,,,,,,,,,,,,,,,,,,,,,,,,,,,,,,,,,,,,,,0.2,,,,,,,,,,,0.3,0.3,0.3,0.3,0.4,,,,,,,,,,,0.5,,,,,0.3,,,0.3,0.3,0.3,0.4,0.3,0.4,0.3,0.3
CAMBIO CARENAJE TRASERO (COLA),,,,,,,,,,,,,,,,,,1,1,1,1,1,1,1,1,1,1,1,1.5,1.7,1,,1,1,1,1,1,1,1,1,1,,,,1,1,1,1,1,,,,1,,,,,,1,1,1,1,,1,,,,,,,,,,0.6,1,,,,1,,,1,1,1,1,1,1,1,1
CAMBIO DE PROTECTORES LATERALES DE MOTOR LH Y RH,,,,,,,,,,,,,,,,,,,,,,,,,,,,,,,,,,,,,,,,,,,,,,,,,,,,,,,,,,,,,,,,,,,,,,,,,,,,,,,,,,,,,,,,,
CAMBIO DE CORTA VIENTOS LH Y RH C/U,0.2,,,,,,,,,,,,,,,,,,,,,,,,,,,,,,,,,,,,,,,,,,,,,,,,,,,,,,0.1,,,,,,,,,,,,,,,,,,,,,,,,,,,,,,,,,,
CAMBIO GAVETA ,0.5,0.5,0.5,0.5,0.6,,,0.5,0.5,0.5,0.5,0.5,0.5,0.5,,,,,,,,,,,,,,,,,,,,,,,,,,,,,,,,,,,,,,,,,,,,,,,,,,,,,,,,0.5,0.5,0.5,0.5,,,,,,,0.5,,,,,,,,,
CAMBIO CARENAJE GAVETA FRONTAL,1,,,,,,,,,,,,,,,,,,,,,,,,,,,,,,,,,,,,,,,,,,,,,,,,,,,,,,,,,,,,,,,,,,,,,,,,,,,,,,,,,,,,,,,,
CAMBIO CARENAJE INFERIOR CENTRAL,,,,,,0.5,0.5,,,,,,,,0.5,0.5,0.5,,,,,,,,,,,,,,,,,,,,,,,,,,,,,,,,,,,,0.5,0.5,,,,,,,,,,0.5,,,,,,,,,,,,0.5,0.5,0.5,,,0.5,,,,,,,,
CAMBIO CARENAJE APOYA PIES,1,1,1,1,1.7,,,1,1,1,1.7,1,1,1,,,,,,,,,,,,,,,,,,,,,,,,,,,,,,,,,,,,,,,,,,,,,,,,,,,,,,,,1,1,1.7,1.7,,,,,,,2,,,,,,,,,
CAMBIO PROTECTOR METALICO APOYA PIES,0.2,,,,,,,,,,,,,,,,,,,,,,,,,,,,,,,,,,,,,,,,,,,,,,,,,,,,,,,,,,,,,,,,,,,,,,,,,,,,,,,,,,,,,,,,
CAMBIO CARENAJE FRONTAL INFERIOR,0.3,,,,,,,,,,,,,,,,,,,,,,,,,,,,,,,,,,,,,,,,,,,,,,,,,,,,,,,,,,,,,,,,,,,,,,,,,,,,,,,,,,,,,,,,
CAMBIO CARENAJE DEL TABLERO DE INSTRUMENTOS,,1,1,1,1.3,1,1,1,,,,,1,1,1,1,1,1.5,1.5,1,1,1,1,1,1,1,1,1,1,1.5,1,,1,1,,,,1,1.5,1.5,1.5,,,,1,1,,,1,,,,1,1,,,,,1.5,1.5,,,,0.7,,0.6,,,,1,,1,1.3,0.1,1,1,1,1,,1.3,1,,,0.6,,,,,0.6
CAMBIO PARABRISAS,,,,0.3,,,,,,,,,,,,,,,,,,,,,,,,,,,,,,,,,,,,,,,,,,,,,,2,2,,,,,,,,,,,,,,,,,,,,,,,,,,,,,,,,,,,,,,
IMPERMEABILIZADA DE TABLERO DE INSTRUMENTOS,1,1,1,1,1.3,1,1,1,1,1,1.5,,1,1,1,1,1,1,1,1,1,1,1,1,,,,,,,1,0.6,1,1,1,1,1,0.8,1,1,1,0.6,0.6,0.6,1,1,1,1,1,0.4,0.4,,1,1,1,1,1,1,1.5,1.5,1.3,1.3,1,1,1,1,1,1.0,1,1,1,1.5,1.5,,,1,1,1,1.3,1.5,1,1.3,1.3,1.3,1,1.3,1,1.3,1
CAMBIO PARRILLA CENTRAL,,,,,,0.4,,,,,,,,,,0.4,,,,,,,,,,,,,,,,,,,,,,,,,,,,,,,,,,,,,,,,,,,,,,,,,,,0.3,,0.3,,,,,,,,0.4,0.4,,,0.4,,,,,,,,
CAMBIO GUARDAFANGO DELANTERO POSTERIOR,,,,,,0.3,0.3,,,,,,,,,0.3,0.3,,,,,,,,,,,,,,,,,,,,,,,,,,,,,,,,,,,,,0.4,,,,,,,,,,0.3,,,,,,,,,,,,0.3,0.3,0.3,,,0.3,,,,,,,,
CAMBIO CARENAJES FRONTAL LATERAL LH Y RH C/U,0.5,,,,,0.3,0.3,,,,,,,,0.3,0.3,,,,,,,,,,,,,,,,,,,,,,,,,,,,,,,,,,,,,0.5,0.3,,,,,,,,,,0.5,,,,,,,,,,,,,0.3,0.3,,,0.3,,,,,,,,
CAMBIO GUARDAFANGO DELANTERO FRONTAL,,,,,,0.2,0.2,,,,,,,,0.2,0.2,0.4,0.4,0.4,0.4,0.4,0.4,0.4,0.4,,,,,,,0.4,0.4,0.4,0.4,0.4,0.4,0.4,0.4,0.4,0.4,0.4,0.4,0.4,0.4,0.4,0.4,0.4,0.4,,,,,,1.6,,,,,,,,,,0.3,,,,,,,,,,,,0.4,0.2,0.2,,,0.2,,,,,,,,
CAMBIO CARENAJE FRONTAL (FAROLA),0.4,0.6,0.6,1,1.2,0.7,0.7,0.6,0.6,0.6,1,1.5,0.6,0.6,,0.7,0.6,0.6,0.6,0.6,0.6,0.6,1,1,1,1,1,1,1,1.5,2,,1,1,0.6,0.6,0.6,0.6,0.6,0.6,0.6,,,,1,1,0.6,1,,0.1,1,0.2,0.4,0.7,0.2,0.4,0.4,0.4,1,1,1,1,0.7,0.6,0.4,,,0.6,,0.5,0.6,1,1,0.5,1,0.6,0.5,0.7,1,1,0.7,1,1,1,,,1,1,1
CAMBIO DE GUARDAFANGO DELANTERO,0.4,0.4,0.4,0.4,0.4,0.8,0.8,0.4,0.4,0.4,0.4,0.5,0.4,0.4,,0.8,0.4,0.4,0.4,0.4,0.4,0.4,0.4,0.4,0.4,0.4,0.4,0.4,0.4,0.4,0.4,,0.4,0.4,0.4,0.4,0.4,0.4,0.4,0.4,0.4,0.4,0.4,0.4,0.4,0.4,0.4,0.4,,3,3,,0.4,,0.3,0.3,0.3,0.3,0.3,0.3,0.3,0.3,0.3,,0.3,0.4,0.3,0.5,0.3,0.4,0.4,0.4,0.4,0.25,0.4,0.4,0.8,0.8,0.3,5,0.8,0.3,0.3,0.3,0.3,0.3,0.3,0.3,0.3
CAMBIO PILA RELOJ TABLERO,,0.3,,,,,,,,,,,,,,,,,,,,,,,,,,,,,,,,,,,,,,,,,,,,,,,,,,,,,,,,,,,,,,,,,,,,,,,,,,,,,,,,,,,,,,,
CAMBIO DEFENSA,,,,,,,,,,,,,,,,,,0.3,0.3,0.3,0.3,0.3,0.3,0.3,0.3,0.3,0.3,0.3,,,0.3,0.3,0.3,0.3,0.3,0.3,0.3,0.3,0.3,0.3,0.3,0.3,0.3,0.3,0.3,0.3,0.3,0.3,0.3,,,,,,,,,,,,,,,,,,,,,,,,,,0.3,,,,,,,,,,,,,,
CAMBIO CUBIERTA DE TANQUE,,,,,,,,,,,,,,,,,,,,,,,,,,0.5,0.5,,0.5,0.8,,,,,,,,,,,,,,,,,,,,,,,,,,,,,,,,,,,,,,0.1,,,,,,0.1,,,,,,,,,,,,,,,
CAMBIO DE RADIO,,,,,,,,,,,,,,,,,,,,,,,,,,,,,,,,,,,,,,,,,,,,,,,,,,,,,,,,,,,,,,,,,,,,,,,,,,,,,0.5,,,,,,,,,,,,
CAMBIO DE PARLANTES,,,,,,,,,,,,,,,,,,,,,,,,,,,,,,,,,,,,,,,,,,,,,,,,,,,,,,,,,,,,,,,,,,,,,,,,,,,,,0.7,,,,,,,,,,,,
CAMBIO DE ENCENDEDOR ,,,,,,,,,,,,,,,,,,,,,,,,,,,,,,,,,,,,,,,,,,,,,,,,,,,,,,,,,,,,,,,,,,,,,,,,,,,,,0.5,,,,,,,,,,,,
CAMBIO DE  PUERTO USB ,,,,,,,,,,,,,,,,,,,,,,,,,,,,,,,,,,,,,,,,,,,,,,,,,,,,,,,,,,,,,,,,,,,,,,,,,1,0.3,,,0.5,,,1,,,,,,,,,
CONJUNTO DE CABLES,,,,,,,,,,,,,,,,,,,,,,,,,,,,,,,,,,,,,,,,,,,,,,,,,,,,,,,,,,,,,,,,,,,,,,,,,,,,,,,,,,,,,,,,,
CAMBIO CABLE ACELERADOR C/U,1.5,1.5,1.50,1.50,1.7,1.5,1.5,1.5,1.5,1.5,1.7,1.5,1.50,1.50,1.5,1.5,1.5,0.7,0.7,0.7,0.7,0.7,0.7,0.7,0.7,1,1,0.7,1.0,1.5,0.7,0.7,0.7,0.7,0.7,0.7,0.7,0.7,0.7,0.7,0.7,0.7,0.7,0.7,0.7,0.7,0.7,0.7,0.7,0.8,0.8,,1.5,1.5,0.7,0.7,0.7,,1.0,1,0.8,0.8,0.7,1.5,0.7,0.7,0.7,0.1,0.7,1.5,1.5,1.7,1.7,0.5,0.7,1.5,1.5,1.5,0.8,1.7,1.5,0.8,0.8,0.8,0.8,0.8,0.8,0.8,0.8
CAMBIO CABLE CLUTCH,,,,,,,,,,,,,,,,,,0.4,0.4,0.4,0.4,0.4,0.4,0.4,0.7,1,1,0.7,,1.2,0.4,0.4,0.4,0.4,0.4,0.4,0.4,0.4,0.4,0.4,0.4,0.4,0.4,0.4,0.4,0.4,0.4,0.4,0.4,0.8,0.8,,,,0.4,0.4,0.4,0.4,0.7,0.7,0.7,0.7,0.4,,0.4,0.4,0.4,0.1,0.4,,,,,05,0.7,,,,0.7,,,0.7,0.7,0.7,0.4,0.4,0.4,0.4,0.6
CAMBIO CABLE CHOKE,,,,,,1,1,,,,,,,,1,1,1,,,,0.5,0.5,,,,,,,,,,,,,0.5,0.5,0.5,,,,,0.5,,,,,0.5,,,0.6,0.6,,1,1,0.5,0.5,0.5,,1,,,,,1,0.5,,0.5,,0.5,,,,,,,1,1,1,,,1,,,,,,,,
CAMBIO CABLE FRENO DELANTERO,,,,,,,,,,,,,,,,,,,,,,,,,,,,,,,,,0.3,0.3,0.3,0.3,0.3,0.3,,0.3,,0.3,0.3,0.3,0.3,0.3,0.3,0.3,,,,,0.8,,,,,,,,,,,0.8,,,,,,,,,,,,,,,,,,,,,,,,,
CAMBIO CABLE FRENO TRASERO,1.5,1.5,1.5,,,,,1.5,1.5,1.5,,1.5,1.5,1.5,,,,,,,,,,,,,,,,,,0.4,,,,,,,,,,,,,,,,,,,,,,,,,,,,,,,,,,,,,,1.5,,,,,,,,,,,,,,,,,,,
CAMBIO CABLE DE REVOLUCIONES,,,,,,,,,,,,,,,,,,,,,,,,,,,,,,,,,,,,,,,,,,,,,0.7,,,,,,,,,,0.6,,,,,,,,,,,,,,,,,,,,,,,,,,,,,,,,,,
CAMBIO CABLE VELOCIMETRO,0.7,0.7,0.7,0.7,0.7,0.7,0.7,0.7,0.7,0.7,0.4,0.7,0.7,0.7,0.7,0.7,0.7,,,,,,,0.3,0.3,0.3,0.3,0.3,,,0.3,0.3,,0.7,0.7,0.7,0.7,0.7,0.7,0.7,0.7,0.7,0.7,0.7,0.7,0.7,0.7,0.7,0.7,0.5,0.5,,1,0.7,0.6,0.6,0.6,0.6,0.7,0.7,0.7,0.7,,1,0.6,0.6,0.7,,0.7,0.7,0.7,0.4,0.4,,0.3,0.7,0.7,0.7,0.7,0.4,0.7,0.7,0.7,0.7,,0.7,,0.7,
CAMBIO VARILLA FRENO TRASERO,,,,,,0.4,,,,,,,,,,0.4,0.4,0.5,0.5,0.5,0.5,0.5,0.5,,0.5,0.5,,,,,,,0.4,0.4,0.4,0.4,0.4,0.5,0.5,0.5,0.5,0.4,0.4,0.4,0.4,0.4,0.4,0.4,0.4,,,,0.8,0.4,,,,,,,,,,0.8,,0.8,0.4,,0.4,,,,,,,0.4,0.4,0.4,,,0.4,,,,,,,,
CAMBIO CABLE CAMBIOS (C/U),,,,,,,,,,,,,,,,,,,,,,,,,,,,,,,,,,,,,,,,,,,,,,,,,,0.7,0.7,,,,,,,,,,,,,,,,,,,,,,,,,,,,,,,,,,,,,,
CAMBIO CABLE FRENO DE PARQUEO Y/O  LEVA,,,1.5,,,,,1.5,1.5,1.5,,1.5,1.5,,,,,,,,,,,,,,,,,,,,,,,,,,,,,,,,,,,,,1,1,,,,,,,,,,,,,,,,,,,1.5,,,,,,,,,,,,,,,,,,,
SISTEMA ELÉCTRICO,,,,,,,,,,,,,,,,,,,,,,,,,,,,,,,,,,,,,,,,,,,,,,,,,,,,,,,,,,,,,,,,,,,,,,,,,,,,,,,,,,,,,,,,,
CAMBIO BOMBILLO FAROLA,0.5,0.5,0.5,0.50,1.0,0.4,0.4,0.5,0.5,0.5,0.5,0.5,0.5,0.5,0.4,0.4,0.4,1,1,0.4,0.4,0.4,0.5,0.5,0.5,0.5,0.5,0.5,,0.1,1,0.4,1,0.4,0.4,0.4,0.4,0.5,0.7,0.7,0.7,0.4,0.4,0.4,0.4,0.4,0.4,0.4,0.4,0.3,0.5,,0.5,0.5,0.4,0.4,0.4,0.4,0.3,0.4,0.4,0.4,0.5,0.4,0.4,0.3,0.4,,0.4,0.5,0.5,0.5,0..5,,0.5,0.4,0.4,0.4,0.4,0..5,0.4,0.4,,0.6,,0.6,,0.6,
CAMBIO BOMBILLO STOP (C/U),0.1,0.1,0.1,0.1,0.1,0.1,0.1,0.1,,,,1,0.1,0.1,0.1,0.1,0.1,,,,,,,,,,,,,,,0.1,,,0.1,0.1,0.1,0.1,0.1,0.1,0.1,0.1,0.1,0.1,,0.1,0.1,0.1,0.1,0.3,0.3,,0.3,0.2,0.1,0.1,0.1,0.2,0.1,0.2,0.2,0.2,0.2,0.3,0.1,1,,,,,,,,,,0.1,,,,,0.4,,,,,,,,
CAMBIO BOMBILLO DIRECCIONAL TRASERA (C/U),0.1,0.1,0.1,0.1,0.1,0.1,0.1,0.1,,,,,0.1,0.1,0.1,0.1,0.1,0.1,0.1,0.1,0.1,0.1,0.1,0.1,0.1,0.1,0.1,0.1,,,0.1,0.1,0.1,0.1,0.1,0.1,0.1,0.1,,,,0.1,0.1,0.1,0.1,0.1,0.1,0.1,0.1,0.1,0.1,0.1,0.1,0.1,0.1,0.1,0.1,0.1,0.1,0.1,0.1,0.1,0.1,0.1,0.1,0.1,,,,,,,,,0.1,0.1,,,,,0.1,,,,0.1,,0.1,,
CAMBIO BOMBILLO DIRECCIONAL DELANTERA (C/U),0.1,0.1,0.5,0.5,0.1,0.3,0.3,0.5,,,,,0.5,0.5,0.3,0.3,0.1,0.1,0.1,0.1,0.1,0.1,0.1,0.1,0.1,0.1,0.1,0.1,,,0.1,0.1,0.1,0.1,0.1,0.1,0.1,0.1,0.1,0.1,0.1,0.1,0.1,0.1,0.1,0.1,0.1,0.1,0.1,0.1,0.1,0.1,0.1,0.3,0.1,0.1,0.1,0.1,0.1,0.1,0.1,0.1,0.2,0.1,0.1,0.1,,,,,,,,,0.1,0.1,,,,,0.1,,,,0.2,,0.2,,
CAMBIO DIRECCIONAL TRASERA (C/U),0.5,0.5,1,1,0.5,0.5,0.5,1,1,1,,1,1,1,,,,0.4,0.4,0.4,0.4,0.4,0.4,0.4,0.4,0.4,0.4,0.4,0.4,0.4,0.4,0.4,0.4,0.1,0.4,0.4,0.4,0.4,0.4,0.4,0.4,0.4,0.4,0.4,0.4,0.4,0.4,0.4,0.4,0.5,0.5,,0.5,0.5,0.4,0.4,0.4,0.4,0.4,0.4,0.4,0.4,0.4,0.6,0.4,0.5,0.4,0.3,0.4,1,1,1,1,0.3,0.4,,0.4,0.7,0.4,1,0.4,0.4,0.4,0.4,0.4,0.4,0.4,0.4,0.4
CAMBIO DIRECCIONAL DELANTERA (C/U),0.7,0.6,0.6,0.6,1.0,0.6,0.6,0.6,1,1,1,0.6,0.6,0.6,0.5,0.5,0.5,0.4,0.4,0.4,0.4,0.4,0.5,0.5,0.5,0.5,0.5,0.5,0.4,0.7,0.4,0.2,1.0,0.1,0.4,0.4,0.4,0.4,0.4,0.4,0.4,0.2,0.2,0.2,1.0,1.0,0.4,0.4,0.4,0.5,0.5,,0.8,0.6,0.4,0.4,0.4,0.4,0.6,0.6,0.4,0.4,0.4,0.8,0.4,0.4,0.4,0.4,0.4,1,1,1,1,0.3,0.5,0.5,0.7,0.7,0.4,1,0.4,0.4,1.5,0.4,0.4,0.4,0.4,0.4,0.4
CAMBIO BOMBILLOS INDICADORES (direccionales. neutra. temperatur. R.P.M.luces. etc),1,1,1,1,,1,1,1,,,,,1,1,1,1,1,,,,,,,,,,,,,,,1,,1,1,1,1,1,1,1,1,1,1,1,1,1,1,1,1,0.1,0.1,,1,1,1,1,1,1,1,1,1,1,1,1,1,1,1,,1,,,,,,,1,,1,1,,1,,,,,,,,
CAMBIO FAROLA,0.7,0.6,0.6,0.6,1.2,0.6,0.6,0.6,0.6,0.6,1,1.5,0.6,0.6,0.6,0.6,0.6,1,1,0.6,0.6,0.6,1,1,1,1,1,1,0.7,1.5,2,0.4,1,1,0.6,0.6,0.6,1,1,1,1,0.4,0.4,0.4,0.6,0.6,0.6,0.6,0.6,0.1,0.7,,0.7,0.7,0.5,0.5,0.5,0.5,1,1,1,1,0.7,0.7,0.5,0.5,0.6,0.4,0.6,0.6,0.6,1,1,0.3,1,0.6,0.6,0.6,1,1.5,0.5,1,1.8,1,0.9,1,0.9,1,1.2
CAMBIO DE FAROLA DE LUZ MEDIA,0.5,,0.4,,,0.6,0.6,1.5,0.6,0.6,1,0.6,0.6,0.6,0.6,0.6,0.6,0.6,0.6,0.6,0.6,1,1,1,1,1,1,1.5,,2,0.4,1,1,0.6,0.6,0.7,0.7,1,1,1,0.4,0.4,0.4,0.6,0.6,0.6,0.6,0.1,0.1,0.7,,0.7,0.7,0.5,0.5,0.5,1,1,1,1,1,0.7,0.7,0.5,0.5,0.6,,,,0.6,0.6,,1,,1.5,0.6,0.6,0.6,,1.5,0.6,,,,,,,,
CAMBIO DE STOP,0.7,0.7,1,1,0.8,0.7,0.7,1,1,1,1.5,1,1,1,1,0.7,0.7,0.7,0.7,0.7,0.7,0.7,0.7,0.7,0.7,0.7,0.7,0.7,1,0.5,0.7,0.7,0.5,0.5,0.7,0.5,0.5,0.7,0.7,0.7,0.7,0.5,0.5,0.5,0.5,0.5,0.5,0.5,0.5,0.7,0.7,,0.7,0.7,0.7,0.7,0.7,0.7,0.5,0.5,0.5,0.5,0.5,0.7,0.7,1,0.5,0.4,0.5,1,1,1.5,1.5,0.5,0.7,0.7,0.7,0.7,0.8,1.5,0.7,0.8,0.8,0.8,0.7,0.8,0.7,0.8,0.8
CAMBIO DE LUNA (TALCO) DE STOP,0.3,0.1,0.1,0.1,0.1,0.1,0.1,0.1,,,,,0.1,0.1,,,,,,,,,,,,,,,,,,0.1,,,0.1,0.1,0.1,,,,,0.1,0.1,0.1,,0.1,0.1,0.1,0.1,0.3,0.3,,0.1,0.1,0.1,0.1,0.1,0.1,,,,,,0.1,0.1,1,,,,,0.1,,,,,,0.1,0.1,0.4,,0.1,0.4,,,,,,,
CAMBIO BOBINA(S) DE ALTA ,0.6,0.6,0.6,0.6,0.7,0.5,0.5,0.6,0.6,0.6,0.7,0.6,0.6,0.6,0.5,0.5,0.5,0.7,0.7,0.7,0.7,0.7,1,0.7,1,1.3,1.3,1,1,1.5,0.7,0.7,0.7,0.7,0.7,0.7,0.7,0.7,0.7,0.7,0.7,0.7,0.7,0.7,0.7,0.7,0.7,0.7,0.7,0.5,0.5,,0.8,0.5,0.7,0.3,0.3,0.3,0.8,0.8,0.8,0.8,1.5,0.8,0.3,1.2,0.7,0.3,0.7,0.6,6,0.7,0.7,0.4,1,0.5,0.5,0.5,0.7,0.7,0.5,0.7,0.7,0.7,1.5,0.7,2,0.7,2
CAMBIO PLATO DE BOBINAS,1,1,1,1,2.5,0.8,0.8,1,1,1,2.5,1,1,1,0.8,0.8,0.8,0.8,0.8,0.8,0.8,0.8,1.2,0.8,1.2,1.2,1.2,1.2,1.2,1.3,0.8,0.8,0.8,0.8,0.8,1,1,0.8,0.8,0.8,0.8,1,1,1,0.8,0.8,1,0.8,,1.5,1.5,,1,1,0.8,0.8,0.8,0.9,1,1,1,1,1.0,1,0.8,1,1,0.5,1,1,1,1,1,0.6,1.2,0.8,1.0,0.8,1,1,0.8,1,1,1,1.2,1,1.2,1,1
CAMBIO C.D.I.,0.8,0.2,0.2,0.2,0.5,0.8,0.8,0.2,0.4,0.4,,0.2,0.2,0.2,0.2,0.4,0.4,0.5,0.5,0.5,0.5,0.5,0.3,0.3,0.3,0.3,0.3,0.3,,,0.5,0.5,0.5,0.5,0.5,0.5,0.5,0.5,0.5,0.5,0.5,0.5,0.5,0.5,0.5,0.5,0.5,0.5,0.5,9,0.2,,0.8,0.8,0.7,0.3,0.3,,0.5,,,,0.5,0.8,0.3,0.8,0.5,,0.5,0.2,0.2,,,,0.3,0.4,0.5,0.8,,,0.8,,,,,,,,
CAMBIO INTERRUPTOR FRENO DELANTERO,0.7,0.4,0.4,0.4,0.4,0.4,0.4,0.4,0.4,0.4,0.4,0.4,0.4,0.4,0.4,0.4,0.4,0.4,0.4,0.4,0.4,0.4,0.4,0.4,0.4,0.4,0.4,0.4,0.4,0.4,0.4,0.4,0.4,0.4,0.4,0.4,0.4,0.4,0.4,0.4,0.4,0.4,0.4,0.4,0.4,0.4,0.4,0.4,0.4,0.4,0.4,,0.7,0.4,0.4,0.3,0.3,0.3,0.2,0.2,0.2,0.2,0.5,0.7,0.3,0.4,0.4,0.1,0.4,0.4,0.4,0.4,0.4,0.1,0.4,0.4,0.4,0.4,0.2,0.4,0.4,0.2,0.2,0.2,0.5,0.2,0.5,0.2,0.2
CAMBIO INTERRUPTOR FRENO TRASERO,0.7,0.4,0.4,0.4,0.4,0.4,0.4,0.4,0.4,0.4,0.4,0.4,0.4,0.4,0.4,0.4,0.4,0.3,0.3,0.3,0.8,0.8,0.3,0.3,0.3,0.3,0.3,0.3,0.3,0.3,0.8,0.5,0.3,0.3,0.3,0.3,0.3,0.3,0.3,0.3,0.3,0.3,0.3,0.3,0.3,0.3,0.3,0.3,0.3,0.4,0.4,,0.6,0.4,0.3,0.3,0.3,0.3,0.3,0.3,0.3,0.3,0.5,0.6,0.3,0.3,0.3,0.4,0.3,0.4,0.4,0.4,0.4,0.5,0.3,0.4,0.5,0.5,0.5,0.4,0.5,0.3,0.3,0.3,0.5,0.3,0.5,0.3,0.3
CAMBIO PITO C/U,0.5,0.4,0.4,0.4,0.7,0.5,0.5,0.4,0.5,0.5,0.5,0.4,0.4,0.4,0.5,0.5,0.2,0.2,0.2,0.2,0.2,0.2,0.2,0.2,0.2,0.2,0.2,0.2,0.2,0.4,0.2,0.2,0.2,0.2,0.2,0.2,0.2,0.2,0.2,0.2,0.2,0.2,0.2,0.2,0.2,0.2,0.2,0.2,0.2,0.5,0.5,,0.5,0.5,0.4,0.2,0.2,0.2,0.4,0.3,0.3,0.3,0.2,0.5,0.2,0.3,0.2,0.1,0.2,0.5,0.5,0.5,0.5,0.25,0.2,0.2,0.5,0.5,0.3,0.5,0.5,0.3,0.3,0.3,0.2,0.3,0.2,0.3,0.3
CAMBIO ALARMA SONORA DE DIRECCIONALES,0.3,,,,,,,,,,,,,,,,,,,,,,,,,,,,,,,,,,,,,,,,,,,,,,,,,,,,0.3,,,,,,,,,,,0.3,,,,,,,,,,,,,,,,,,,,,,,,,
REVISION DEL SISTEMA ELECTRICO COMPLETO,2,2,1.5,1.5,1.5,1.5,1.5,1.5,1.5,1.5,1.5,1.5,1.5,1.5,1.5,1.5,1.5,1.5,1.5,1.5,1.5,1.5,2,1.5,1.5,2,2,2,2,2,1.5,1.5,1.5,1.5,1.5,1.5,1.5,1.5,1.5,1.5,1.5,1.5,1.5,1.5,1.5,1.5,1.5,1.5,1.5,2,2,,1.5,1.5,1.5,1.5,1.5,1.5,1.5,1.5,1.5,1.5,1.5,2,1.5,2,1.5,0.8,1.5,1.5,1.5,2,2,1.5,2,1.5,1.5,1.5,1.5,2,1.5,1.5,1.5,1.5,1.5,1.5,1.5,1.5,1.5
CAMBIO GUARDAFANGO TRASERO PORTA PLACA,,,0.5,,,,,0.5,0.5,0.5,0.7,,0.5,0.5,,,,0.2,0.2,,0.2,0.2,0.2,0.2,0.2,0.2,0.2,0.2,,,,,0.2,0.2,,,,,0.2,,0.2,,,,0.2,0.2,,,,,,,,,,,,,,,,,,,,,,0.5,,0.5,0.5,0. 7,0.7,0.5,0.2,,,,,0.7,,,,,,,,,
CAMBIO REGULADOR/RECTIFICADOR,0.5,0.6,0.5,0.6,0.7,0.5,0.5,0.5,0.5,0.5,0.7,0.5,0.5,0.5,0.5,0.5,0.5,0.3,0.3,0.3,0.3,0.3,0.3,0.3,0.3,0.3,0.3,0.3,0.3,0.2,0.3,0.5,0.3,0.3,0.3,0.3,0.3,0.3,0.3,0.3,0.3,0.3,0.3,0.3,0.3,0.3,0.3,0.3,0.3,0.5,0.5,0.5,0.5,0.5,0.3,0.3,0.3,0.3,0.3,0.3,0.3,0.3,0.3,0.5,0.3,0.5,0.5,0.4,0.5,0.5,0.5,0.7,0.7,0.25,0.3,0.5,0.5,0.5,0.3,0.7,0.5,0.3,0.3,0.3,0.3,0.3,0.3,0.3,0.3
CAMBIO SUICHE ENCENDIDO,1.5,1.5,1.5,1.5,1.7,1.5,1.5,1.5,1.5,1.5,1.7,1.5,1.5,1.5,1.5,1.5,1.2,1,1,1,1,1,1,1,1,1,1,1,1,1,1,0.3,1,1,1,1,1,1,1,1,1,1,1,1,1,1,1,1,1,0.5,0.5,,1.5,1.5,1,1,1,1,1,1,1,1,1.0,1,1,1,1,0.5,1,1.5,1.5,1.5,1.8,,1,1.5,1.5,1.5,,1.8,1.5,1,1,1,1.0,1,1.0,1,1
CAMBIO SUICHE RUN,,,,,,,,,,,,,,,,,,0.7,0.7,,0.7,0.7,0.7,0.7,,,,,,,0.7,0.3,,,,,,,,,,,,,,,,,,,,,1,,,,,,,,,,,1,,,0.5,,0.5,,1,,,,,,,,,1,,,,,,,,,
CAMBIO SUCIHE DIRECCIONALES,,,,,,0.7,,,,,,,,,,0.7,,,,,,,,,,,,,,,,,,,,,,,,,,,,,,,,,,,,,,,,,,,,,,,,1,,,0.5,,0.5,,,,,,,0.7,0.7,0.7,,1,0.7,,,,,,,,
CAMBIO SENSOR GATO LATERAL,,,,,,,,,,,,,,,,,,,,0.5,0.5,0.5,0.5,0.5,0.5,0.5,0.5,0.5,0.5,0.5,0.5,,,,,,,,,,,,,,,,,,,,,,,,0.5,,,0.6,0.6,,,,0.6,,,,,,,,,,,,0.5,,,,,,,,0.6,0.6,0.6,0.6,0.6,0.6,0.6
CAMBIO SUICHE CLUTCH,,,,,,,,,,,,,,,,,,0.3,0.3,0.3,0.3,0.3,0.3,0.3,0.3,0.3,0.3,0.3,0.3,0.3,0.3,0.3,0.3,0.3,0.3,,,0.3,0.3,0.3,0.3,,,,0.3,0.3,,0.3,0.3,,,,,,0.3,0.3,0.3,0.3,0.3,0.4,0.4,0.4,0.6,,0.3,,,0.1,,,,,,0.1,0.3,,,,0.4,,,0.4,0.4,0.4,0.6,0.4,0.6,0.4,0.4
CAMBIO DE COMANDO LH,1,0.9,0.9,0.9,0.9,0.9,0.9,0.9,0.7,0.7,1,0.9,0.9,0.9,0.9,0.9,1,0.7,0.7,0.7,0.7,0.7,0.7,0.7,0.7,0.7,0.7,0.7,0.7,0.7,0.7,0.3,0.7,0.7,0.7,0.7,0.7,0.7,0.7,0.7,0.7,0.7,0.7,0.7,0.7,0.7,0.7,0.7,0.7,0.7,0.7,,1,0.9,0.7,0.7,0.7,0.7,0.7,0.7,0.7,0.7,0.7,1,0.7,0.7,0.7,0.4,0.7,0.8,0.8,1,1,0.3,0.7,1,0.7,0.9,0.7,1,0.9,0.7,0.7,0.7,0.7,0.7,0.7,0.7,0.7
CAMBIO DE COMANDO RH,1,1,1,1,1,1,1,1,0.8,0.8,1,1,1,1,1,1,1,0.8,0.8,0.8,0.8,0.8,0.8,0.8,0.8,0.8,0.8,0.8,0.8,0.8,0.8,0.3,0.8,0.8,0.8,0.8,0.8,0.8,0.8,0.8,0.8,0.8,0.8,0.8,0.8,0.8,0.8,0.8,0.8,0.7,0.7,,1,1,0.8,0.8,0.8,0.8,0.8,0.8,0.8,0.8,0.8,1,0.8,0.8,0.8,0.4,0.8,0.8,0.8,1,1,0.3,0.8,1,0.7,1,0.8,1,1,0.8,0.8,0.8,0.8,0.8,0.8,0.8,0.8
CAMBIO DEL SOLENOIDE (CHOKE),0.7,0.7,0.7,0.7,0.7,,,0.7,0.7,0.7,,0.7,0.7,0.7,,,,0.5,0.5,,0.5,0.5,,,,,,,,,0.5,2,0.5,0.5,,,,,,,,,,,0.5,,,,,0.5,0.5,,,,,,,,,,,,,,,,,,,0.7,0.7,,,,,,,,,,,,,,,,,,
CAMBIO Y/O REPARACION DEL MOTOR DEL LIMPIA BRISAS,,,,,,,,,,,,,,,,,,,,,,,,,,,,,,,,,,,,,,,,,,,,,,,,,,1.5,1.5,,,,,,,,,,,,,,,,,,,,,,,,,,,,,,,,,,,,,,
CAMBIO LUNA (TALCO) DE DIRECCIONALES,0.1,0.1,,,0.1,0.1,0.1,,,,,,,,,0.1,,0.1,0.1,0.1,0.1,0.1,0.1,,0.1,0.1,0.1,,,,0.1,0.1,0.1,0.1,0.1,0.1,0.1,,,,,0.1,0.1,0.1,0.1,0.1,0.1,0.1,0.1,0.1,0.1,0.1,0.1,0.1,0.1,0.1,0.1,0.1,0.1,0.1,0.1,0.1,0.1,0.1,0.1,0.1,,,,,,,,,,,0.5,0.1,,,0.1,,,,,,,,
CAMBIO DE E.C.U,,,,,,,,,,,,,,,,,,,,0.6,0.6,0.6,,,,,,,0.4,0.4,1,,,,,,,,,,,,,,,,,,,,,,,,,,,0.3,0.3,0.3,0.3,0.3,0.3,,,,,0.3,,,,,1,0.3,,,,,0.3,1,,0.3,1.3,0.3,0.3,0.3,0.3,0.3,0.3
CAMBIO SENSOR DE LAS DIRECCIONALES ,,,,,,,,,,,,,,,,,,,,0.4,0.4,0.4,,,,,,,,,0.4,2,,,,,,,,,,,,,,,,,,,,,,,,,,,,,,,,,,,,,,,,,,,,,,,,,,,,,,,,,
CAMBIO SUICHE DEL PITO DEL COMANDO,,,,,,0.7,,,,,,,,,0.7,0.7,,,,,,,,,,,,,,,,,,,,,,,,,,,,,,,,,,,,,,,,,,,,,,,,,,,0.5,,0.5,,,,,,,0.7,0.7,0.7,,,0.7,,,,,,,,
CAMBIO SUICHE DE LUCES DEL COMANDO,,,,,,0.7,,,,,,,,,0.7,0.7,,,,,,,,,,,,,,,,,,,,,,,,,,,,,,,,,,,,,,,,,,,,,,,,,,,0.5,,0.5,,,,,,,0.7,0.7,0.7,,,0.7,,,,,,,,
CAMBIO SUCHE DE STARTER DEL COMANDO,,,,,,0.7,,,,,,,,,0.7,0.7,,,,,,,,,,,,,,,,,,,,,,,,,,,,,,,,,,,,,,,,,,,,,,,,,,,0.5,,0.5,,,,,,,0.7,0.7,0.7,,,0.7,,,,,,,,
CAMBIO SUICHE DE ESTACIONARIAS,,,,,,0.7,,,,,,,,,0.7,0.7,,,,,,,,,,,,,,,,,,,,,,,,,,,,,,,,,,,,,,,,,,,,,,,,,,,,,,,,,,,,0.7,,0.7,,1,0.7,,,,,,,,
CAMBIO SENSOR LUZ DE PASO,,,,,,0.7,,,,,,,,,0.7,0.7,,,,,,,,,,,,,,,,,,,,,,,,,,,,,,,,,,,,,,,,,,,,,,,,,,,0.5,,0.5,,,,,,,0.7,,0.7,,,0.7,,,,,,,,
CAMBIO DEL RELE DE ARRANQUE,0.3,0.5,0.5,0.5,0.5,0.3,0.3,0.5,0.5,0.5,0.5,0.5,0.5,0.5,0.5,0.3,0.5,0.3,0.3,0.3,0.3,0.3,0.3,0.3,0.3,0.3,0.3,0.3,0.3,0.4,0.3,0.2,0.3,0.3,0.3,,,0.3,0.3,0.3,0.3,,0.3,0.3,0.3,0.3,,0.3,0.3,0.3,0.3,0.3,0.5,0.3,,0.3,0.3,0.3,0.3,0.3,0.3,0.3,0.3,0.3,0.3,0.3,0.5,0.4,0.5,0.5,0.5,0.5,0.5,0.2,0.3,0.5,0.5,0.3,0.3,0.5,0.3,0.3,0.3,0.3,0.3,0.3,0.3,0.3,0.3
CAMBIO RAMAL ELÉCTRICO ,3,3,3,3,3.5,3,3,3,3,3,3,3,3,3,3,3,3,2.5,2.5,2.5,2.5,2.5,2.8,2.5,2.8,3,3,2.8,3.5,3.5,2.5,2.5,2.5,2.5,2.5,2.5,2.5,2.5,2.5,2.5,2.5,2.5,2.5,2.5,2.5,2.5,2.5,2.5,2.5,3.5,3.5,,3,3,2.5,2.5,2.5,2.5,2.5,2.5,2.5,2.5,3,3,2.5,2.5,2.5,2.5,2.5,3,3,3,3.5,2.5,2.8,3,3,3,3,3.5,3,2.5,2.5,2.5,3,2.5,3,2.5,2.5
CAMBIO DEL FLASHER,0.7,0.3,0.3,0.3,1.2,0.6,0.6,0.3,0.5,0.5,0.5,0.3,0.3,0.3,0.4,0.6,0.5,0.3,0.3,,,,0.3,0.3,0.3,0.3,0.3,0.3,,0.4,,0.2,0.3,0.3,0.3,0.3,0.3,0.3,0.2,0.3,0.3,0.3,0.3,0.3,0.3,0.3,0.3,0.3,0.3,0.3,0.3,,0.6,0.6,0.3,0.3,0.3,0.3,0.3,0.5,0.5,0.5,0.3,0.6,0.3,0.3,0.5,0.3,0.5,0.5,0.3,0.5,0.5,0.1,0.3,0.5,0.5,0.6,0.5,0.5,0.6,0.5,0.5,0.5,0.3,0.5,0.3,0.5,0.5
CAMBIO CABLE DE VELOCIMETRO (SENSOR),,,,,,,,,,,,,,,,,,0.3,0.3,0.3,0.3,0.3,0.3,0.3,0.3,0.3,0.3,0.3,,0.4,0.3,,0.3,, ,,,,,,,,,,,,,,,,,,,,,,,,,,,,,,,,,0.4,,,,,,0.1,0.3,,,,0.5,0.5,,,,,,,,,
IMPERMEABILIZACION DE LA FAROLA,0.6,0.6,0.6,0.6,1.2,0.6,0.6,0.6,1,1,1,1.5,0.6,0.6,0.6,0.6,0.6,1,1,0.6,0.6,0.6,1,1,1,1,1,1,1,1.5,2,0.4,1,1,0.6,0.6,0.6,0.6,0.6,0.6,0.6,0.4,0.4,0.4,1,1,0.6,1,1,0.5,0.5,,0.7,0.7,0.5,0.5,0.5,0.5,1,1,0.7,0.7,0.7,0.7,0.5,0.7,0.6,0.4,0.6,1,,1,1,,1,0.6,0.6,0.6,,1,0.6,0.7,0.7,0.7,0.7,0.7,0.7,0.7,0.7
CAMBIO SOCKET DE LUZ GAVETA ,,,,,0.2,,,,,,,,,,,,,,,,,,,,,,,,,,,,,,,,,,,,,,,,,,,,,,,,,,,,,,,,,,,,,,,,,,,,,,,,,,,0.5,,,,,,,,,
CAMBIO BOMBILLO LUZ DE GAVETA ,,,,,0.2,,,,,,,,,,,,,,,,,,,,,,,,,,,,,,,,,,,,,,,,,,,,,,,,,,,,,,,,,,,,,,,,,,,,,,,,,,,0.5,,,,,,,,,
CAMBIO LUZ DE PLACA,,,,1,0.3,,,,,,,,,,,,,0.3,0.3,0.3,0.3,0.3,0.3,0.3,0.3,0.3,0.3,0.3,0.5,0.5,0.3,,0.3,0.3,,,,0.3,0.3,0.3,0.3,,,,0.3,0.3,,,,,,,,,,0.4,0.4,0.4,0.3,0.3,0.3,0.3,,,0.4,1,0.5,0.4,0.5,,,,1,0.5,0.3,,,,0.5,1,,0.3,0.3,0.3,,0.3,,0.3,0.3
CAMBIO BOMBILLO LUZ DE PLACA,0.3,,0.3,0.3,0.3,0.3,0.3,0.3,0.3,0.3,1,1,0.3,,0.3,,,0.3,0.3,0.3,0.3,0.3,0.3,0.3,0.3,0.3,0.3,0.3,,0.5,0.3,,0.3,0.3,,,,0.3,0.3,0.3,0.3,,,,0.3,0.3,,,,0.3,0.3,,,,,0.1,0.1,0.1,0.1,0.1,0.1,0.1,0.3,,0.1,1,,,,0.3,,0.5,0.5,,0.3,,,0.3,0.5,1,0.3,0.1,0.1,0.1,0.3,0.1,0.3,0.1,0.1
CAMBIO SENSOR DE REVERSA,,,,,,,,,,,,,,,,,,,,,,,,,,,,,,,,,,,,,,,,,,,,,,,,,,0.5,0.5,,,,,,,,,,,,,,,,,,,,,,,,,,,,,,,,,,,,,,
CAMBIO BOMBILLO LUZ DE REVERSA,,,,,,,,,,,,,,,,,,,,,,,,,,,,,,,,,,,,,,,,,,,,,,,,,,0.3,0.3,,,,,,,,,,,,,,,,,,,,,,,,,,,,,,,,,,,,,,
CAMBIO SENSOR FILTRO DE AIRE,,,,,,,,,,,,,,,,,,,,,1.2,1.2,,,,,,,,,1.2,,,,,,,,,,,,,,,,,,,,,,,,,,,,,,,,,,,,,,,,,,,,,,,,,,,,,,,,,,
CAMBIO SENSOR DE PRESION BAJA DE ACEITE,,,,,,,,,,,,,,,,,,,,,,,,,,,,,,,0.5,,,,,,,,,,,,,,,,,,,,,,,,,,,,,,,,,,,,,,,,,,,,,,,,,,,,,,,,,,
REVISION SISTEMA ELECTRICO DOS  TIEMPO ,0.5,,,,,,,,,,,,,,,,,,,,,,,,,,,,,,,,,,,,,,,,,,,,,,,,,,,,2,,,,,,,,,,,,,,,,,,,,,,,,,,,,,,,,,,,,
REVISION SISTEMA ELECTRICO CUATRO TIEMPO,,0.5,0.5,0.5,0.5,0.5,0.5,0.5,0.5,0.5,0.5,0.5,0.5,0.5,0.5,0.5,0.5,0.5,0.5,0.5,0.5,0.5,0.5,0.5,0.5,0.5,0.5,0.5,0.5,0.5,0.5,0.5,0.5,0.5,0.5,0.5,0.5,0.5,0.5,0.5,0.5,0.5,0.5,0.5,0.5,0.5,0.5,0.5,0.5,0.5,0.5,,,0.5,0.5,0.5,0.5,0.5,0.2,0.5,0.5,0.5,0.5,,0.5,,0.5,0.5,0.5,0.5,0.5,0.5,0.5,0.5,0.5,0.5,0.5,0.5,0.5,0.5,0.5,0.5,0.5,0.5,0.5,0.5,0.5,0.5,0.5
CAMBIO DE BATERIA,0.2,0.2,0.2,0.2,0.2,0.2,,0.2,,,,0.2,0.2,0.2,0.2,0.2,0.2,0.2,,0.2,0.2,0.2,0.2,0.2,0.3,0.3,,,,0.3,,0.2,0.2,0.2,0.2,0.2,,0.2,0.2,0.2,0.2,0.2,0.2,0.2,0.2,0.2,0.2,0.2,,,0.2,0.2,0.2,,0.2,0.2,0.4,,0.4,0.2,,0.3,0.4,0.2,,0.4,,,,,,,,,,,,,,,,,,,0.4,,0.4,,
CHAPAS Y SEGUROS,,,,,,,,,,,,,,,,,,,,,,,,,,,,,,,,,,,,,,,,,,,,,,,,,,,,,,,,,,,,,,,,,,,,,,,,,,,,,,,,,,,,,,,,,
CAMBIO CONJUNTO DE CLAVES COMPLETA,1.5,1.7,1.7,1.7,2,1.5,,1.5,,,,1.7,1.7,1.7,1.7,1.5,1.5,1.5,,1.5,1.5,1.5,1.5,1.5,1.5,1.5,,,,1.5,,1.5,1.5,1.5,1.5,1.5,,1.5,1.5,1.5,1.5,1.5,1.5,1.5,1.5,1.5,1.5,1.5,,,1,1,,1.5,1.5,1.5,1.5,,1.5,1.5,,1.5,1.5,1.5,1.3,1.5,,,,,,,,,,,,1.2,,,,,,,1.5,,1.5,,
CAMBIO DE CHAPA DE SILLIN,0.6,0.6,0.6,0.6,0.7,0.6,,0.6,,,,0.6,0.6,0.6,0.6,0.6,0.6,0.6,,0.3,0.3,0.3,0.3,0.3,0.3,0.3,,,,0.3,,0.3,,0.3,0.3,0.3,,,0.3,0.3,0.3,0.3,,,,0.3,0.3,0.3,,,,,,0.6,0.6,0.4,,,,0.5,,0.5,0.5,0.6,0.6,,,,,,,,,,,,,,,,,,,,0.5,,0.5,,
CAMBIO SEGURO DE DIRECCIÓN,1.5,1.5,1.5,1.5,1.7,1.5,,1.5,,,,1.5,1.5,1.5,1.5,1.5,1.5,1.5,,1,1,1,1,1,1,1,,,,1,,1,1,1,1,1,,1,1,1,1,1,1,1,1,1,1,1,,,,,,1.5,1.5,1,1,,1,1.0,,1,1,1.0,1,1,,,,,,,,,,,,1,,,,,,,1,,1,,
CAMBIO DE SEGURO DE BLOQUE DE ACELERACION,,,,,,0.7,,,,,,,,,,,,,,,,,,,,,,,,,,,,,,,,,,,,,,,,,,,,,,,,,,,,,,,,,,,,,,,,,,,,,,,,,,,,,,,,,,,
CAMBIO DE SEGURO GAVETA,1,0.6,0.6,0.6,0.7,0.6,,0.6,,,,0.6,0.6,0.6,0.6,0.4,0.6,0.6,,,,,,,,,,,,,,,,,,,,,,,,,,,,,,,,,0.4,0.4,,0.3,0.6,,,,,,,,,,,,,,,,,,,,,,,,,,,,,,,,,,